L1,L2,L3,Link
Electronics,Mobiles,Mi,"https://www.flipkart.com/mobiles/mi~brand/pr?sid=tyy,4io&otracker=nmenu_sub_Electronics_0_Mi"
Electronics,Mobiles,Realme,https://www.flipkart.com/mobiles/pr?sid=tyy%2C4io&p%5B%5D=facets.brand%255B%255D%3DRealme&otracker=nmenu_sub_Electronics_0_Realme
Electronics,Mobiles,Samsung,https://www.flipkart.com/samsung-mobile-store?otracker=nmenu_sub_Electronics_0_Samsung
Electronics,Mobiles,Infinix,https://www.flipkart.com/mobiles/pr?sid=tyy%2C4io&otracker=categorytree&p%5B%5D=facets.brand%255B%255D%3DInfinix&otracker=nmenu_sub_Electronics_0_Infinix
Electronics,Mobiles,OPPO,https://www.flipkart.com/oppo-mobile-phones-store?otracker=nmenu_sub_Electronics_0_OPPO
Electronics,Mobiles,Apple,https://www.flipkart.com/apple-products-store?otracker=nmenu_sub_Electronics_0_Apple
Electronics,Mobiles,Vivo,https://www.flipkart.com/mobiles/pr?sid=tyy%2C4io&p%5B%5D=facets.serviceability%5B%5D%3Dfalse&p%5B%5D=facets.brand%255B%255D%3DVivo&otracker=nmenu_sub_Electronics_0_Vivo
Electronics,Mobiles,Honor,https://www.flipkart.com/search?p[]=facets.brand%255B%255D%3DHonor&sid=tyy%2F4io&otracker=CLP_filters&otracker=nmenu_sub_Electronics_0_Honor
Electronics,Mobiles,Asus,https://www.flipkart.com/mobiles/pr?sid=tyy%2C4io&p%5B%5D=facets.brand%255B%255D%3DAsus&otracker=nmenu_sub_Electronics_0_Asus
Electronics,Mobiles,Poco X2,https://www.flipkart.com/mobiles/~cs-1c8v939u5p/pr?sid=tyy%2C4io&collection-tab-name=POCO%20X2&otracker=nmenu_sub_Electronics_0_Poco%20X2
Electronics,Mobiles,realme Narzo 10,"https://www.flipkart.com/tyy/4io/~cs-bbqm8szk02/pr?sid=tyy,4io&collection-tab-name=Realme+Narzo+10&otracker=nmenu_sub_Electronics_0_realme%20Narzo%2010"
Electronics,Mobiles,Infinix Hot 9,"https://www.flipkart.com/tyy/4io/~cs-y0g7ho0c3m/pr?sid=tyy,4io&collection-tab-name=Infinix+Hot+9&otracker=nmenu_sub_Electronics_0_Infinix%20Hot%209"
Electronics,Mobiles,IQOO 3,"https://www.flipkart.com/tyy/4io/~cs-kypqvabi8g/pr?sid=tyy,4io&collection-tab-name=IQOO&otracker=nmenu_sub_Electronics_0_IQOO%203"
Electronics,Mobiles,iPhone SE,https://www.flipkart.com/mobiles/~cs-fdeu9sdw9c/pr?sid=tyy%2C4io&collection-tab-name=Iphone%20SE%202020&otracker=nmenu_sub_Electronics_0_iPhone%20SE
Electronics,Mobiles,Motorola razr,https://www.flipkart.com/mobiles/~cs-35ecwn2f18/pr?sid=tyy%2C4io&otracker=nmenu_sub_Electronics_0_Motorola%20razr
Electronics,Mobiles,realme Narzo 10A,"https://www.flipkart.com/tyy/4io/~cs-crohk4na9x/pr?sid=tyy,4io&collection-tab-name=Realme+Narzo+10A&otracker=nmenu_sub_Electronics_0_realme%20Narzo%2010A"
Electronics,Mobiles,Motorola g8 power lite,"https://www.flipkart.com/tyy/4io/~cs-w3eqqvrrdq/pr?sid=tyy,4io&collection-tab-name=Motorola+G8+Power+Lite&otracker=nmenu_sub_Electronics_0_Motorola%20g8%20power%20lite"
Electronics,Mobile Accessories,Mobile Cases,"https://www.flipkart.com/mobile-accessories/cases-and-covers/pr?sid=tyy,4mr,q2u&otracker=nmenu_sub_Electronics_0_Mobile%20Cases"
Electronics,Mobile Accessories,Headphones & Headsets,https://www.flipkart.com/headphones-store?otracker=nmenu_sub_Electronics_0_Headphones%20%26%20Headsets
Electronics,Mobile Accessories,Power Banks,"https://www.flipkart.com/mobile-accessories/power-banks/pr?sid=tyy,4mr,fu6&otracker=categorytree&otracker=nmenu_sub_Electronics_0_Power%20Banks"
Electronics,Mobile Accessories,Screenguards,"https://www.flipkart.com/mobile-accessories/screen-guards/pr?sid=tyy,4mr,lrv&otracker=nmenu_sub_Electronics_0_Screenguards"
Electronics,Mobile Accessories,Memory Cards,"https://www.flipkart.com/mobile-accessories/memory-cards-readers/memory-cards/pr?sid=tyy,4mr,zzf,7y7&otracker=nmenu_sub_Electronics_0_Memory%20Cards"
Electronics,Mobile Accessories,Smart Headphones,"https://www.flipkart.com/wearable-smart-devices/smart-headphones/pr?sid=ajy,vam&otracker=nmenu_sub_Electronics_0_Smart%20Headphones"
Electronics,Mobile Accessories,Mobile Cables,"https://www.flipkart.com/mobile-accessories/cables/pr?sid=tyy,4mr,3nu&otracker=nmenu_sub_Electronics_0_Mobile%20Cables"
Electronics,Mobile Accessories,Mobile Chargers,"https://www.flipkart.com/mobile-accessories/chargers/pr?sid=tyy,4mr,tp2&otracker=nmenu_sub_Electronics_0_Mobile%20Chargers"
Electronics,Mobile Accessories,Mobile Holders,"https://www.flipkart.com/mobile-accessories/mobile-holders/pr?sid=tyy,4mr,vnf&marketplace=FLIPKART&otracker=nmenu_sub_Electronics_0_Mobile%20Holders"
Electronics,Smart Wearable Tech,Smart Watches,https://www.flipkart.com/smartwatches-store?otracker=nmenu_sub_Electronics_0_Smart%20Watches
Electronics,Smart Wearable Tech,Smart Glasses (VR),https://www.flipkart.com/wearable-smart-devices/smart-glasses/pr?sid=ajy%2Ctcy&otracker=nmenu_sub_Electronics_0_Smart%20Glasses%20(VR)
Electronics,Smart Wearable Tech,Smart Bands,https://www.flipkart.com/wearable-smart-devices/smart-bands/pr?sid=ajy%2Cq7p&otracker=nmenu_sub_Electronics_0_Smart%20Bands
Electronics,Health Care Appliances,Bp Monitors,"https://www.flipkart.com/health-personal-care-appliances/health-care/health-care-devices/blood-pressure-monitors/pr?sid=zlw,nyl,bvv,kbk&otracker=nmenu_sub_Electronics_0_Bp%20Monitors"
Electronics,Health Care Appliances,Weighing Scale,"https://www.flipkart.com/beauty-and-personal-care/health-care/health-care-devices/weighing-scales/pr?sid=t06,nyl,bvv,o4o&otracker=nmenu_sub_Electronics_0_Weighing%20Scale"
Electronics,Laptops,Gaming Laptops,https://www.flipkart.com/gaming-laptops-store?otracker=nmenu_sub_Electronics_0_Gaming%20Laptops&otracker=nmenu_sub_Electronics_0_Gaming%20Laptops
Electronics,Computer Accessories,External Hard Disks,https://www.flipkart.com/external-hard-disk-store?otracker=nmenu_sub_Electronics_0_External%20Hard%20Disks
Electronics,Computer Accessories,Pendrives,"https://www.flipkart.com/computers/storage/pen-drives/pr?sid=6bo,jdy,uar&otracker=nmenu_sub_Electronics_0_Pendrives"
Electronics,Computer Accessories,Laptop Skins & Decals,"https://www.flipkart.com/laptop-accessories/laptop-skins-decals/pr?sid=6bo,ai3,zvm&otracker=nmenu_sub_Electronics_0_Laptop%20Skins%20%26%20Decals"
Electronics,Computer Accessories,Laptop Bags,https://www.flipkart.com/laptop-accessories/laptop-bags/pr?sid=6bo%2Cai3%2Cqq9&otracker=nmenu_sub_Electronics_0_Laptop%20Bags
Electronics,Computer Accessories,Mouse,"https://www.flipkart.com/laptop-accessories/mouse/pr?sid=6bo,ai3,2ay&otracker=nmenu_sub_Electronics_0_Mouse"
Electronics,Computer Peripherals,Printers & Ink Cartridges,https://www.flipkart.com/printer-inks-store?otracker=nmenu_sub_Electronics_0_Printers%20%26%20Ink%20Cartridges
Electronics,Computer Peripherals,Monitors,https://www.flipkart.com/monitors-store?otracker=nmenu_sub_Electronics_0_Monitors
Electronics,Tablets,Apple iPads,"https://www.flipkart.com/tablets/~apple-ipads/pr?sid=tyy,hry&otracker=nmenu_sub_Electronics_0_Apple%20iPads"
Electronics,Tablets,Televisions,https://www.flipkart.com/television-store?otracker=nmenu_sub_Electronics_0_Televisions
Electronics,Speakers,Home Audio Speakers,https://www.flipkart.com/audio-video/speakers/pr?count=40&otracker=categorytree&p%5B%5D=facets.type%255B%255D%3DHome%2BAudio%2BSpeaker&p%5B%5D=facets.type%255B%255D%3DLaptop%252FDesktop%2BSpeaker&p%5B%5D=facets.type%255B%255D%3DSoundbar&sid=0pm%2F0o7&otracker=nmenu_sub_Electronics_0_Home%20Audio%20Speakers
Electronics,Speakers,Home Theatres,https://www.flipkart.com/audio-video/speakers/pr?sid=0pm%2C0o7&otracker=categorytree&p%5B%5D=facets.type%255B%255D%3DHome%2BTheatre&p%5B%5D=facets.type%255B%255D%3DTower%2BSpeaker&p%5B%5D=facets.type%255B%255D%3DSoundbar&p%5B%5D=facets.availability%255B%255D%3DExclude%2BOut%2Bof%2BStock&otracker=nmenu_sub_Electronics_0_Home%20Theatres
Electronics,Speakers,Soundbars,https://www.flipkart.com/audio-video/speakers/pr?sid=0pm%2C0o7&p%5B%5D=facets.type%255B%255D%3DSoundbar&otracker=categorytree&p%5B%5D=facets.serviceability%5B%5D%3Dtrue&p%5B%5D=facets.fulfilled_by%255B%255D%3DFlipkart%2BAssured&otracker=nmenu_sub_Electronics_0_Soundbars
Electronics,Speakers,Bluetooth Speakers,https://www.flipkart.com/audio-video/speakers/pr?sid=0pm%2C0o7&otracker=categorytree&p%5B%5D=facets.features%255B%255D%3DBluetooth&otracker=nmenu_sub_Electronics_0_Bluetooth%20Speakers
Electronics,Speakers,DTH Set Top Box,https://www.flipkart.com/home-entertainment/dth/pr?count=40&otracker=categorytree&p%5B%5D=facets.availability%255B%255D%3DExclude%2BOut%2Bof%2BStock&sid=ckf%2F9wn&otracker=nmenu_sub_Electronics_0_DTH%20Set%20Top%20Box
Electronics,Smart Home Automation,Google Nest,https://www.flipkart.com/google-nest-mini-store?otracker=nmenu_sub_Electronics_0_Google%20Nest
Electronics,Camera,DSLR & Mirrorless,https://www.flipkart.com/cameras/dslr~type/pr?sid=jek%2Cp31&otracker=nmenu_sub_Electronics_0_DSLR%20%26%20Mirrorless
Electronics,Camera,Compact & Bridge Cameras,https://www.flipkart.com/cameras/point-shoot~type/pr?sid=jek%2Cp31&otracker=nmenu_sub_Electronics_0_Compact%20%26%20Bridge%20Cameras
Electronics,Camera,Sports & Action,https://www.flipkart.com/cameras/sports-action/pr?count=40&sid=jek%2Fp31%2Fs3q&otracker=nmenu_sub_Electronics_0_Sports%20%26%20Action
Electronics,Camera Accessories,Lens,https://www.flipkart.com/camera-accessories/camera-lenses/pr?uniqueBstoreparam1=val1&sid=jek%2C6l2%2Ce9y&otracker=nmenu_sub_Electronics_0_Lens
Electronics,Camera Accessories,Tripods,https://www.flipkart.com/camera-accessories/tripods/pr?count=40&otracker=categorytree&p%5B%5D=sort%3Dpopularity&sid=jek%2F6l2%2Fce6&otracker=nmenu_sub_Electronics_0_Tripods
Electronics,Network Components,Routers,https://www.flipkart.com/computers/network-components/routers/pr?sid=6bo%2F70k%2F2a2&otracker=nmenu_sub_Electronics_0_Routers
Electronics,Featured,Google Assistant Store,https://www.flipkart.com/google-assistant-122019-store?otracker=nmenu_sub_Electronics_0_Google%20Assistant%20Store
Electronics,Featured,Laptops on Buyback Guarantee,https://www.flipkart.com/laptops/~buyback-guarantee-on-laptops-/pr?sid=6bo%2Cb5g&otracker=nmenu_sub_Electronics_0_Laptops%20on%20Buyback%20Guarantee
Electronics,Featured,Flipkart SmartBuy,https://www.flipkart.com/flipkart-smartbuy-store?otracker=nmenu_sub_Electronics_0_Flipkart%20SmartBuy
Electronics,Featured,Li-Polymer Power Banks,https://www.flipkart.com/lithium-polymer-power-banks-store?otracker=nmenu_sub_Electronics_0_Li-Polymer%20Power%20Banks
Electronics,Featured,Sony PS4 Pro & Slim,https://www.flipkart.com/games/~sony-play-station/pr?facets.availability=Exclude%20Out%20of%20Stock&sid=4rr%2Ctg9&p%5B%5D=facets.filter_standard%255B%255D%3D1&facets.availability[]=Exclude+Out+of+Stock&otracker=nmenu_sub_Electronics_0_Sony%20PS4%20Pro%20%26%20Slim
Electronics,Featured,Apple Products,https://www.flipkart.com/apple-products-store?otracker=nmenu_sub_Electronics_0_Apple%20Products
Electronics,Featured,Microsoft Store,https://www.flipkart.com/microsoft-store?otracker=nmenu_sub_Electronics_0_Microsoft%20Store
Electronics,Featured,Lenovo Phab Series,https://www.flipkart.com/mobiles-accessories/~lenovo-phab-series1/pr?sid=tyy&otracker=nmenu_sub_Electronics_0_Lenovo%20Phab%20Series
Electronics,Featured,JBL Speakers,https://www.flipkart.com/all/audio-video/jbl~brand/pr?otracker=categorytree&p%5B%5D=facets.availability%255B%255D%3DExclude%2BOut%2Bof%2BStock&p%5B%5D=facets.brand%255B%255D%3DJBL&sid=all%2F0pm&otracker=nmenu_sub_Electronics_0_JBL%20Speakers
Electronics,Featured,Smartphones On Buyback Guarantee,https://www.flipkart.com/buyback-guarantee-store?otracker=nmenu_sub_Electronics_0_Smartphones%20On%20Buyback%20Guarantee
Electronics,Featured,Philips,https://www.flipkart.com/health-personal-care-appliances/pr?count=40&otracker=categorytree&p%5B%5D=facets.brand%255B%255D%3DPhilips&p%5B%5D=facets.fulfilled_by%255B%255D%3DFlipkart%2BAssured&sid=zlw&otracker=nmenu_sub_Electronics_0_Philips
Electronics,Featured,Dr. Morepen,https://www.flipkart.com/search?as=off&as-show=on&count=40&otracker=start&p%5B%5D=facets.brand%255B%255D%3DDr.%2BMorepen&q=bp+monitor&sid=zlw&otracker=nmenu_sub_Electronics_0_Dr.%20Morepen
Electronics,Featured,Complete Mobile Protection,https://www.flipkart.com/mobile-complete-protection-bbd-store?otracker=nmenu_sub_Electronics_0_Complete%20Mobile%20Protection
Electronics,Featured,Mobiles No Cost EMI,https://www.flipkart.com/no-cost-emi-mobiles-store?otracker=nmenu_sub_Electronics_0_Mobiles%20No%20Cost%20EMI
Electronics,Featured,Huawei Watch Gt 2e Smart Watch,https://www.flipkart.com/huawei-watch-gt-2e-smartwatch-store?otracker=nmenu_sub_Electronics_0_Huawei%20Watch%20Gt%202e%20Smart%20Watch
TVs & Appliances,Top Brands,Mi,https://www.flipkart.com/televisions/pr?sid=ckf%2Cczl&p%5B%5D=facets.brand%255B%255D%3DMi&otracker=categorytree&p%5B%5D=facets.serviceability%5B%5D%3Dtrue&p%5B%5D=facets.availability%255B%255D%3DExclude%2BOut%2Bof%2BStock&otracker=nmenu_sub_TVs%20%26%20Appliances_0_Mi
TVs & Appliances,Top Brands,Vu,https://www.flipkart.com/televisions/pr?sid=ckf%2Cczl&p%5B%5D=facets.availability%255B%255D%3DExclude%2BOut%2Bof%2BStock&otracker=categorytree&p%5B%5D=facets.serviceability%5B%5D%3Dtrue&p%5B%5D=facets.brand%255B%255D%3DVu&otracker=nmenu_sub_TVs%20%26%20Appliances_0_Vu
TVs & Appliances,Top Brands,Thomson,https://www.flipkart.com/televisions/pr?sid=ckf%2Cczl&p%5B%5D=facets.availability%255B%255D%3DExclude%2BOut%2Bof%2BStock&otracker=categorytree&p%5B%5D=facets.serviceability%5B%5D%3Dtrue&p%5B%5D=facets.brand%255B%255D%3DThomson&otracker=nmenu_sub_TVs%20%26%20Appliances_0_Thomson
TVs & Appliances,Top Brands,Samsung,https://www.flipkart.com/televisions/pr?sid=ckf%2Cczl&p%5B%5D=facets.availability%255B%255D%3DExclude%2BOut%2Bof%2BStock&otracker=categorytree&p%5B%5D=facets.serviceability%5B%5D%3Dtrue&p%5B%5D=facets.brand%255B%255D%3DSamsung&otracker=nmenu_sub_TVs%20%26%20Appliances_0_Samsung
TVs & Appliances,Top Brands,iFFALCON by TCL,https://www.flipkart.com/televisions/pr?sid=ckf%2Cczl&p%5B%5D=facets.availability%255B%255D%3DExclude%2BOut%2Bof%2BStock&otracker=categorytree&p%5B%5D=facets.serviceability%5B%5D%3Dtrue&p%5B%5D=facets.brand%255B%255D%3DiFFALCON%2Bby%2BTCL&otracker=nmenu_sub_TVs%20%26%20Appliances_0_iFFALCON%20by%20TCL
TVs & Appliances,Top Brands,Nokia,https://www.flipkart.com/nokia-139cm-55-inch-ultra-hd-4k-led-smart-android-tv-sound-jbl/p/itmffvfvyztsmfmq?pid=TVSFFVFVJEGZ3R5H&otracker=nmenu_sub_TVs%20%26%20Appliances_0_Nokia
TVs & Appliances,Top Brands,LG,https://www.flipkart.com/televisions/pr?sid=ckf%2Cczl&p%5B%5D=facets.availability%255B%255D%3DExclude%2BOut%2Bof%2BStock&otracker=categorytree&p%5B%5D=facets.serviceability%5B%5D%3Dtrue&p%5B%5D=facets.brand%255B%255D%3DLG&otracker=nmenu_sub_TVs%20%26%20Appliances_0_LG
TVs & Appliances,Top Brands,BPL,"https://www.flipkart.com/televisions/pr?sid=ckf,czl&p[]=facets.availability%255B%255D%3DExclude%2BOut%2Bof%2BStock&p[]=facets.brand%255B%255D%3DBPL&otracker=categorytree&otracker=nmenu_sub_TVs%20%26%20Appliances_0_BPL"
TVs & Appliances,Top Brands,Motorola,"https://www.flipkart.com/televisions/pr?sid=ckf,czl&p[]=facets.availability%255B%255D%3DExclude%2BOut%2Bof%2BStock&p[]=facets.brand%255B%255D%3DMotorola&otracker=categorytree&otracker=nmenu_sub_TVs%20%26%20Appliances_0_Motorola"
TVs & Appliances,Shop by Screen Size,24 & below,"https://www.flipkart.com/televisions/pr?sid=ckf,czl&p[]=facets.screen_size%255B%255D%3D24%2Binch%2B%2526%2BBelow&p[]=facets.availability%255B%255D%3DExclude%2BOut%2Bof%2BStock&otracker=categorytreehttps://www.flipkart.com/televisions/pr?sid=ckf,czl&p[]=facets.screen_size%255B%255D%3D24%2Binch%2B%2526%2BBelow&p[]=facets.availability%255B%255D%3DExclude%2BOut%2Bof%2BStock&otracker=categorytree&otracker=nmenu_sub_TVs%20%26%20Appliances_0_24%20%26%20below"
TVs & Appliances,Shop by Screen Size,28 - 32,"https://www.flipkart.com/televisions/pr?sid=ckf,czl&p[]=facets.screen_size%255B%255D%3D28%2B-%2B32%2Binch&p[]=facets.availability%255B%255D%3DExclude%2BOut%2Bof%2BStock&otracker=categorytree&otracker=nmenu_sub_TVs%20%26%20Appliances_0_28%20-%2032"
TVs & Appliances,Shop by Screen Size,39 - 43,"https://www.flipkart.com/televisions/pr?sid=ckf,czl&p[]=facets.screen_size%255B%255D%3D39%2B-%2B43%2Binch&p[]=facets.availability%255B%255D%3DExclude%2BOut%2Bof%2BStock&otracker=categorytree&otracker=nmenu_sub_TVs%20%26%20Appliances_0_39%20-%2043"
TVs & Appliances,Shop by Screen Size,48 - 55,"https://www.flipkart.com/televisions/pr?sid=ckf,czl&p[]=facets.screen_size%255B%255D%3D48%2B-%2B55%2Binch&p[]=facets.availability%255B%255D%3DExclude%2BOut%2Bof%2BStock&otracker=categorytree&otracker=nmenu_sub_TVs%20%26%20Appliances_0_48%20-%2055"
TVs & Appliances,Shop by Screen Size,60 & above,"https://www.flipkart.com/televisions/pr?sid=ckf,czl&p[]=facets.screen_size%255B%255D%3D60%2Binch%2B%2526%2BAbove&p[]=facets.availability%255B%255D%3DExclude%2BOut%2Bof%2BStock&otracker=categorytree&otracker=nmenu_sub_TVs%20%26%20Appliances_0_60%20%26%20above"
TVs & Appliances,Washing Machine,Fully Automatic Front Load,https://www.flipkart.com/home-kitchen/home-appliances/washing-machines/fully-automatic-front-load~function/pr?sid=j9e%2Cabm%2C8qx&otracker=nmenu_sub_TVs%20%26%20Appliances_0_Fully%20Automatic%20Front%20Load
TVs & Appliances,Washing Machine,Semi Automatic Top Load,https://www.flipkart.com/home-kitchen/home-appliances/washing-machines/semi-automatic-top-load~function/pr?sid=j9e%2Cabm%2C8qx&otracker=nmenu_sub_TVs%20%26%20Appliances_0_Semi%20Automatic%20Top%20Load
TVs & Appliances,Washing Machine,Fully Automatic Top Load,https://www.flipkart.com/home-kitchen/home-appliances/washing-machines/fully-automatic-top-load~function/pr?sid=j9e%2Cabm%2C8qx&otracker=nmenu_sub_TVs%20%26%20Appliances_0_Fully%20Automatic%20Top%20Load
TVs & Appliances,Air Conditioners,Inverter AC,"https://www.flipkart.com/air-conditioners/pr?sid=j9e,abm,c54&p[]=facets.fulfilled_by%255B%255D%3DFlipkart%2BAssured&p[]=facets.technology%255B%255D%3DInverter&p[]=facets.serviceability%5B%5D%3Dtrue&otracker=categorytree&otracker=nmenu_sub_TVs%20%26%20Appliances_0_Inverter%20AC"
TVs & Appliances,Air Conditioners,Split ACs,"https://www.flipkart.com/home-kitchen/home-appliances/air-conditioners/split~type/pr?sid=j9e,abm,c54&otracker=nmenu_sub_TVs%20%26%20Appliances_0_Split%20ACs"
TVs & Appliances,Air Conditioners,Window ACs,https://www.flipkart.com/home-kitchen/home-appliances/air-conditioners/window~type/pr?sid=j9e%2Cabm%2Cc54&otracker=nmenu_sub_TVs%20%26%20Appliances_0_Window%20ACs
TVs & Appliances,Shop By Brand,LG,"https://www.flipkart.com/air-conditioners/pr?sid=j9e,abm,c54&p[]=facets.fulfilled_by%255B%255D%3DFlipkart%2BAssured&p[]=facets.brand%255B%255D%3DLG&p[]=facets.serviceability%5B%5D%3Dtrue&otracker=categorytree&otracker=nmenu_sub_TVs%20%26%20Appliances_0_LG"
TVs & Appliances,Shop By Brand,Hitachi,"https://www.flipkart.com/air-conditioners/pr?sid=j9e,abm,c54&p[]=facets.fulfilled_by%255B%255D%3DFlipkart%2BAssured&p[]=facets.brand%255B%255D%3DHitachi&p[]=facets.serviceability%5B%5D%3Dtrue&otracker=categorytree&otracker=nmenu_sub_TVs%20%26%20Appliances_0_Hitachi"
TVs & Appliances,Shop By Brand,Carrier,"https://www.flipkart.com/air-conditioners/pr?sid=j9e,abm,c54&p[]=facets.fulfilled_by%255B%255D%3DFlipkart%2BAssured&p[]=facets.brand%255B%255D%3DCarrier&p[]=facets.serviceability%5B%5D%3Dtrue&otracker=categorytree&otracker=nmenu_sub_TVs%20%26%20Appliances_0_Carrier"
TVs & Appliances,Refrigerators,Single Door,https://www.flipkart.com/home-kitchen/home-appliances/refrigerators/single-door~type/pr?sid=j9e%2Cabm%2Chzg&otracker=nmenu_sub_TVs%20%26%20Appliances_0_Single%20Door
TVs & Appliances,Refrigerators,Double Door,https://www.flipkart.com/home-kitchen/home-appliances/refrigerators/double-door~type/pr?sid=j9e%2Cabm%2Chzg&otracker=nmenu_sub_TVs%20%26%20Appliances_0_Double%20Door
TVs & Appliances,Refrigerators,Triple door,"https://www.flipkart.com/home-kitchen/home-appliances/refrigerators/triple-door~type/pr?sid=j9e,abm,hzg&otracker=nmenu_sub_TVs%20%26%20Appliances_0_Triple%20door"
TVs & Appliances,Refrigerators,Side by Side,https://www.flipkart.com/home-kitchen/home-appliances/refrigerators/pr?otracker=categorytree&p%5B%5D=facets.type%255B%255D%3DSide%2Bby%2BSide&sid=j9e%2Fabm%2Fhzg&otracker=nmenu_sub_TVs%20%26%20Appliances_0_Side%20by%20Side
TVs & Appliances,Refrigerators,Convertible,https://www.flipkart.com/search?p%5B%5D%5B%5D=facets.features%255B%255D%3DConvertible&sid=j9e%2Fabm%2Fhzg&otracker=CLP_filters&p%5B%5D=facets.features%255B%255D%3DConvertible&otracker=nmenu_sub_TVs%20%26%20Appliances_0_Convertible
TVs & Appliances,Kitchen Appliances,Microwave Ovens,https://www.flipkart.com/home-kitchen/kitchen-appliances/microwave-ovens?otracker=nmenu_sub_Appliances_0_Microwave%20Ovens&otracker=nmenu_sub_TVs%20%26%20Appliances_0_Microwave%20Ovens
TVs & Appliances,Kitchen Appliances,Oven Toaster Grills (OTG),https://www.flipkart.com/oven-toaster-grills/pr?sid=j9e%2Cm38%2Cvr5&otracker=product_breadCrumbs_Oven%20Toaster%20Grills&otracker=nmenu_sub_Appliances_0_Oven%20Toaster%20Grills&otracker=nmenu_sub_TVs%20%26%20Appliances_0_Oven%20Toaster%20Grills%20(OTG)
TVs & Appliances,Kitchen Appliances,Juicer/Mixer/Grinder,https://www.flipkart.com/mixerjuicergrinders/pr?sid=j9e%2Cm38%2C7ek&otracker=nmenu_sub_Appliances_0_Mixer%2FJuicer%2FGrinder&otracker=nmenu_sub_TVs%20%26%20Appliances_0_Juicer%2FMixer%2FGrinder
TVs & Appliances,Kitchen Appliances,Electric Kettle,https://www.flipkart.com/electric-jugheatertravel-kettles/pr?sid=j9e%2Cm38%2Cxrv&otracker=nmenu_sub_Appliances_0_Electric%20Kettle&otracker=nmenu_sub_TVs%20%26%20Appliances_0_Electric%20Kettle
TVs & Appliances,Kitchen Appliances,Induction Cooktops,https://www.flipkart.com/induction-cooktops/pr?sid=j9e%2Cm38%2C575&otracker=nmenu_sub_Appliances_0_Induction%20Cooktops&otracker=nmenu_sub_TVs%20%26%20Appliances_0_Induction%20Cooktops
TVs & Appliances,Kitchen Appliances,Chimneys,https://www.flipkart.com/chimneys-store?otracker=nmenu_sub_TVs%20and%20Appliances_0_Chimneys&otracker=nmenu_sub_TVs%20%26%20Appliances_0_Chimneys
TVs & Appliances,Kitchen Appliances,Hand Blenders,https://www.flipkart.com/hand-blenders/pr?sid=j9e%2Cm38%2Cu7m&otracker=nmenu_sub_Appliances_0_Hand%20Blender&otracker=nmenu_sub_TVs%20%26%20Appliances_0_Hand%20Blenders
TVs & Appliances,Kitchen Appliances,Sandwich Makers,https://www.flipkart.com/sandwich-makers/pr?sid=j9e%2Cm38%2C1vj&otracker=nmenu_sub_Appliances_0_Sandwich%20Makers&otracker=nmenu_sub_TVs%20%26%20Appliances_0_Sandwich%20Makers
TVs & Appliances,Kitchen Appliances,Pop Up Toasters,"https://www.flipkart.com/home-kitchen/kitchen-appliances/popup-toasters/pr?sid=j9e,m38,txh&otracker=categorytree&otracker=nmenu_sub_TVs%20%26%20Appliances_0_Pop%20Up%20Toasters"
TVs & Appliances,Kitchen Appliances,Electric Cookers,"https://www.flipkart.com/home-kitchen/kitchen-appliances/electric-cookers/pr?sid=j9e,m38,9m9&otracker=nmenu_sub_Appliances_0_Electric%20Cookers&otracker=nmenu_sub_TVs%20%26%20Appliances_0_Electric%20Cookers"
TVs & Appliances,Kitchen Appliances,Wet Grinders,"https://www.flipkart.com/home-kitchen/kitchen-appliances/wet-grinders/pr?sid=j9e,m38,htd&otracker=categorytree&otracker=nmenu_sub_TVs%20%26%20Appliances_0_Wet%20Grinders"
TVs & Appliances,Kitchen Appliances,Food Processors,https://www.flipkart.com/food-processors/pr?sid=j9e%2Cm38%2Crj3&otracker=nmenu_sub_Appliances_0_Food%20Processors&otracker=nmenu_sub_TVs%20%26%20Appliances_0_Food%20Processors
TVs & Appliances,Kitchen Appliances,Coffee Makers,"https://www.flipkart.com/home-kitchen/kitchen-appliances/coffee-makers/pr?sid=j9e,m38,wqo&otracker=nmenu_sub_Appliances_0_Coffee%20Makers&otracker=nmenu_sub_TVs%20%26%20Appliances_0_Coffee%20Makers"
TVs & Appliances,Kitchen Appliances,Dishwashers,https://www.flipkart.com/dishwasher-store?otracker=nmenu_sub_Appliances_0_Dishwashers&otracker=nmenu_sub_TVs%20%26%20Appliances_0_Dishwashers
TVs & Appliances,Small Home Appliances,Irons,https://www.flipkart.com/iron/pr?sid=j9e%2Cabm%2Ca0u&otracker=nmenu_sub_Appliances_0_Irons&otracker=nmenu_sub_Appliances_0_Irons&otracker=nmenu_sub_TVs%20%26%20Appliances_0_Irons
TVs & Appliances,Small Home Appliances,Water Purifiers,https://www.flipkart.com/water-purifiers/pr?sid=j9e%2Cabm%2Ci45&otracker=nmenu_sub_Appliances_0_Water%20Purifiers&otracker=nmenu_sub_TVs%20%26%20Appliances_0_Water%20Purifiers
TVs & Appliances,Small Home Appliances,Fans,"https://www.flipkart.com/home-kitchen/home-appliances/fans/pr?sid=j9e,abm,lbz&otracker=categorytree&otracker=nmenu_sub_TVs%20%26%20Appliances_0_Fans"
TVs & Appliances,Small Home Appliances,Air Coolers,"https://www.flipkart.com/home-kitchen/home-appliances/air-coolers/pr?sid=j9e,abm,52j&otracker=categorytree&otracker=nmenu_sub_TVs%20%26%20Appliances_0_Air%20Coolers"
TVs & Appliances,Small Home Appliances,Inverters,"https://www.flipkart.comhome-kitchen/home-appliances/inverters/pr?sid=j9e,abm,7no&otracker=categorytree&otracker=nmenu_sub_TVs%20%26%20Appliances_0_Inverters"
TVs & Appliances,Small Home Appliances,Vacuum Cleaners,https://www.flipkart.com/vacuum-cleaners/pr?sid=j9e%2Cabm%2Cul2&otracker=nmenu_sub_Appliances_0_Vacuum%20Cleaners&otracker=nmenu_sub_Appliances_0_Vacuum%20Cleaners&otracker=nmenu_sub_TVs%20%26%20Appliances_0_Vacuum%20Cleaners
TVs & Appliances,Small Home Appliances,Sewing Machines,"https://www.flipkart.com/home-kitchen/home-appliances/sewing-machines/pr?sid=j9e,abm,0zg&otracker=categorytree&otracker=nmenu_sub_TVs%20%26%20Appliances_0_Sewing%20Machines"
TVs & Appliances,Small Home Appliances,Voltage Stabilizers,"https://www.flipkart.com/home-kitchen/home-appliances/voltage-stabilizers/pr?sid=j9e,abm,xf4&otracker=categorytree&otracker=nmenu_sub_TVs%20%26%20Appliances_0_Voltage%20Stabilizers"
TVs & Appliances,Small Home Appliances,Water Geysers,https://www.flipkart.com/water-geysers/pr?sid=j9e%2Cabm%2Cbfm&otracker=categorytree&otracker=nmenu_sub_Appliances_0_Water%20Geysers&otracker=nmenu_sub_TVs%20%26%20Appliances_0_Water%20Geysers
TVs & Appliances,Small Home Appliances,Immersion Rods,"https://www.flipkart.com/home-kitchen/home-appliances/immersion-rods/pr?sid=j9e,abm,rqo&otracker=categorytree&otracker=nmenu_sub_TVs%20%26%20Appliances_0_Immersion%20Rods"
TVs & Appliances,Buying Guides,Televisions,"https://www.flipkart.com/buying-guide/tvs?sid=ckf,czl&otracker=nmenu_sub_TVs%20%26%20Appliances_0_Televisions"
TVs & Appliances,Buying Guides,Washing Machines,"https://www.flipkart.com/buying-guide/washing-machines-dryers?sid=j9e,abm,8qx&otracker=nmenu_sub_TVs%20%26%20Appliances_0_Washing%20Machines"
TVs & Appliances,Buying Guides,Refrigerators,"https://www.flipkart.com/buying-guide/refrigerators?sid=j9e,abm,hzg&otracker=nmenu_sub_TVs%20%26%20Appliances_0_Refrigerators"
TVs & Appliances,Buying Guides,Air Conditioners,"https://www.flipkart.com/buying-guide/air-conditioners?sid=j9e,abm,c54&otracker=nmenu_sub_TVs%20%26%20Appliances_0_Air%20Conditioners"
TVs & Appliances,Buying Guides,Water Purifiers,"https://www.flipkart.com/buying-guide/water-purifiers?sid=j9e,abm,i45&otracker=nmenu_sub_TVs%20%26%20Appliances_0_Water%20Purifiers"
TVs & Appliances,Buying Guides,Air Purifiers,"https://www.flipkart.com/buying-guide/air-purifiers?sid=j9e,abm,3o4&otracker=nmenu_sub_TVs%20%26%20Appliances_0_Air%20Purifiers"
TVs & Appliances,Buying Guides,Chimneys,"https://www.flipkart.com/buying-guide/chimneys?sid=j9e,m38,tgz&otracker=bg_from_browse_lhs&otracker=nmenu_sub_TVs%20%26%20Appliances_0_Chimneys"
TVs & Appliances,Buying Guides,Water Geysers,"https://www.flipkart.com/buying-guide/water-geysers?sid=j9e,abm,bfm&otracker=bg_from_browse_lhs&otracker=nmenu_sub_TVs%20%26%20Appliances_0_Water%20Geysers"
TVs & Appliances,New Launches,Coocaa Smart TVs,"https://www.flipkart.com/televisions/pr?sid=ckf,czl&p[]=facets.availability%255B%255D%3DExclude%2BOut%2Bof%2BStock&p[]=facets.brand%255B%255D%3DCoocaa&otracker=categorytree&otracker=nmenu_sub_TVs%20%26%20Appliances_0_Coocaa%20Smart%20TVs"
TVs & Appliances,New Launches,Nokia (55) 4K Android TV,https://www.flipkart.com/nokia-139cm-55-inch-ultra-hd-4k-led-smart-android-tv-sound-jbl/p/itmffvfvyztsmfmq?pid=TVSFFVFVJEGZ3R5H&otracker=nmenu_sub_TVs%20%26%20Appliances_0_Nokia%20(55)%204K%20Android%20TV
TVs & Appliances,New Launches,Mi (32) 4A Pro Android TV,https://www.flipkart.com/mi-led-smart-tv-4a-pro-80-cm-32-android/p/itmfdwh5jyqhmvzg?pid=TVSFDWH5K9N2FDTK&otracker=nmenu_sub_TVs%20%26%20Appliances_0_Mi%20(32)%204A%20Pro%20Android%20TV
TVs & Appliances,New Launches,MarQ (43) FHD Smart TV,https://www.flipkart.com/marq-flipkart-ultra-thin-bezel-108cm-43-inch-full-hd-led-smart-tv-android/p/itmfaqvze443xze3?pid=TVSFAQVZ8SRBHZ2Z&otracker=nmenu_sub_TVs%20%26%20Appliances_0_MarQ%20(43)%20FHD%20Smart%20TV
TVs & Appliances,New Launches,LG Refrigerators,https://www.flipkart.com/home-kitchen/~just-launched-kitchen-appliances/pr?sid=j9e&p%5B%5D=facets.serviceability%5B%5D%3Dtrue&p%5B%5D=facets.brand%255B%255D%3DLG&otracker=nmenu_sub_TVs%20%26%20Appliances_0_LG%20Refrigerators
TVs & Appliances,New Launches,Thomson (40) 4K Smart TV,https://www.flipkart.com/thomson-ud9-102cm-40-inch-ultra-hd-4k-led-smart-tv/p/itmfdvfrxxphynpf?pid=TVSFDVFRHPQQWYPV&otracker=nmenu_sub_TVs%20%26%20Appliances_0_Thomson%20(40)%204K%20Smart%20TV
TVs & Appliances,New Launches,Whirlpool Refrigerators,https://www.flipkart.com/home-kitchen/~just-launched-kitchen-appliances/pr?sid=j9e&p%5B%5D=facets.serviceability%5B%5D%3Dtrue&p%5B%5D=facets.brand%255B%255D%3DWhirlpool&otracker=nmenu_sub_TVs%20%26%20Appliances_0_Whirlpool%20Refrigerators
TVs & Appliances,New Launches,Kodak (22) | (32) LED TVs,https://www.flipkart.com/televisions/pr?sid=ckf%2Cczl&p%5B%5D=facets.price_range.from%3DMin&otracker=categorytree&p%5B%5D=facets.price_range.to%3D10000&p%5B%5D=facets.availability%255B%255D%3DExclude%2BOut%2Bof%2BStock&p%5B%5D=facets.brand%255B%255D%3DKodak&p%5B%5D=facets.serviceability%5B%5D%3Dtrue&p%5B%5D=facets.number_of_hdmi_ports%255B%255D%3DOne&otracker=nmenu_sub_TVs%20%26%20Appliances_0_Kodak%20(22)%20%7C%20(32)%20LED%20TVs
Men,Footwear,Sports Shoes,"https://www.flipkart.com/mens-footwear/sports-shoes/pr?sid=osp,cil,1cu&otracker=nmenu_sub_Men_0_Sports%20Shoes"
Men,Footwear,Casual Shoes,"https://www.flipkart.com/mens-footwear/casual-shoes/pr?sid=osp,cil,e1f&otracker=nmenu_sub_Men_0_Casual%20Shoes"
Men,Footwear,Formal Shoes,"https://www.flipkart.com/mens-footwear/formal-shoes/pr?sid=osp,cil,ssb&otracker=nmenu_sub_Men_0_Formal%20Shoes"
Men,Footwear,Sandals & Floaters,"https://www.flipkart.com/mens-footwear/sandals-floaters/pr?sid=osp,cil,e83&otracker=nmenu_sub_Men_0_Sandals%20%26%20Floaters"
Men,Footwear,Flip- Flops,"https://www.flipkart.com/mens-footwear/slippers-flip-flops/pr?sid=osp,cil,e1r&otracker=nmenu_sub_Men_0_Flip-%20Flops"
Men,Footwear,Loafers,https://www.flipkart.com/mens-footwear/casual-shoes/loafers~type/pr?sid=osp%2Ccil%2Ce1f&otracker=nmenu_sub_Men_0_Loafers
Men,Footwear,Boots,https://www.flipkart.com/mens-footwear/casual-shoes/boots~type/pr?sid=osp%2Ccil%2Ce1f&otracker=nmenu_sub_Men_0_Boots
Men,Footwear,Running Shoes,"https://www.flipkart.com/mens-footwear/sports-shoes/running-shoes~type/pr?sid=osp,cil,1cu&otracker=nmenu_sub_Men_0_Running%20Shoes"
Men,Footwear,Sneakers,https://www.flipkart.com/mens-footwear/casual-shoes/sneakers~type/pr?sid=osp%2Ccil%2Ce1f&otracker=nmenu_sub_Men_0_Sneakers
Men,Men's Grooming,Deodorants,https://www.flipkart.com/beauty-and-grooming/fragrances/deodorants/pr?sid=g9b%2C0yh%2Cvp1&p%5B%5D=facets.ideal_for%255B%255D%3DMen%2B%2526%2BWomen&otracker=categorytree&p%5B%5D=facets.ideal_for%255B%255D%3DMen&p%5B%5D=facets.serviceability%5B%5D%3Dtrue&otracker=nmenu_sub_Men_0_Deodorants
Men,Men's Grooming,Perfumes,"https://www.flipkart.com/beauty-and-grooming/fragrances/perfume/pr?sid=g9b,0yh,jhz&p[]=facets.ideal_for%255B%255D%3DMen%2B%2526%2BWomen&p[]=facets.ideal_for%255B%255D%3DMen&p[]=facets.serviceability%5B%5D%3Dtrue&otracker=categorytree&otracker=nmenu_sub_Men_0_Perfumes"
Men,Men's Grooming,Beard Care & Grooming,https://www.flipkart.com/beauty-and-grooming/pr?sid=g9b&p%5B%5D=facets.brand%255B%255D%3DBeardo&p%5B%5D=facets.brand%255B%255D%3DUstraa&p%5B%5D=facets.brand%255B%255D%3DThe%2BMan%2BCompany&p%5B%5D=facets.brand%255B%255D%3DSpruce%2BShave%2BClub&p%5B%5D=facets.brand%255B%255D%3DMan%2BArden&p%5B%5D=facets.brand%255B%255D%3DMeralite&p%5B%5D=facets.brand%255B%255D%3DBrylcreem&p%5B%5D=facets.brand%255B%255D%3DUrbanMooch&p%5B%5D=facets.brand%255B%255D%3DVihado&p%5B%5D=facets.serviceability%5B%5D%3Dtrue&otracker=nmenu_sub_Men_0_Beard%20Care%20%26%20Grooming
Men,Men's Grooming,Shaving & Aftershave,https://www.flipkart.com/beauty-and-grooming/~shaving-aftershave/pr?sid=g9b&otracker=nmenu_sub_Men_0_Shaving%20%26%20Aftershave
Men,Men's Grooming,Sexual Wellness,"https://www.flipkart.com/beauty-and-grooming/sexual-wellness/pr?sid=g9b,alu&p[]=facets.serviceability%5B%5D%3Dtrue&otracker=categorytree&otracker=nmenu_sub_Men_0_Sexual%20Wellness"
Men,Top wear,T-Shirts,"https://www.flipkart.com/mens-clothing/tshirts/pr?sid=2oq,s9b,j9y&otracker=nmenu_sub_Men_0_T-Shirts"
Men,Top wear,Shirts,"https://www.flipkart.com/men/shirts/pr?sid=2oq,s9b,mg4&otracker=nmenu_sub_Men_0_Shirts"
Men,Top wear,Kurtas,"https://www.flipkart.com/mens-clothing/ethnic-wear/kurtas/pr?sid=2oq,s9b,3a0,r6s&otracker=nmenu_sub_Men_0_Kurtas"
Men,Top wear,Suits & Blazers,"https://www.flipkart.com/mens-clothing/suits-blazers/pr?sid=2oq,s9b,q9f&otracker=nmenu_sub_Men_0_Suits%20%26%20Blazers"
Men,Bottom wear,Jeans,"https://www.flipkart.com/men/jeans/pr?sid=2oq,s9b,94h&otracker=nmenu_sub_Men_0_Jeans"
Men,Bottom wear,Trousers,"https://www.flipkart.com/mens-clothing/trousers/pr?sid=2oq,s9b,9uj&otracker=nmenu_sub_Men_0_Trousers"
Men,Bottom wear,Shorts & 3/4ths,https://www.flipkart.com/mens-clothing/~shorts-and-capris/pr?sid=2oq%2Cs9b&otracker=nmenu_sub_Men_0_Shorts%20%26%203%2F4ths
Men,Bottom wear,Cargos,"https://www.flipkart.com/mens-clothing/cargos-shorts-34ths/cargos/pr?sid=2oq,s9b,vde,lrd&otracker=nmenu_sub_Men_0_Cargos"
Men,Bottom wear,Track pants,"https://www.flipkart.com/mens-clothing/sports-wear/track-pants/pr?sid=2oq,s9b,6gr,rfn&otracker=nmenu_sub_Men_0_Track%20pants"
Men,Seasonal Wear,Sweaters,"https://www.flipkart.com/mens-clothing/winter-seasonal-wear/sweaters/pr?sid=2oq,s9b,qgu,l8m&otracker=nmenu_sub_Men_0_Sweaters"
Men,Seasonal Wear,Jackets,"https://www.flipkart.com/mens-clothing/winter-seasonal-wear/jackets/pr?sid=2oq,s9b,qgu,8cd&otracker=nmenu_sub_Men_0_Jackets"
Men,Seasonal Wear,Sweatshirts,"https://www.flipkart.com/mens-clothing/winter-seasonal-wear/sweatshirts/pr?sid=2oq,s9b,qgu,8vm&otracker=nmenu_sub_Men_0_Sweatshirts"
Men,Seasonal Wear,Thermals,"https://www.flipkart.com/mens-clothing/inner-wear-sleep-wear/thermals/pr?sid=2oq,s9b,b1a,bhf&otracker=nmenu_sub_Men_0_Thermals"
Men,Seasonal Wear,Raincoats,"https://www.flipkart.com/mens-clothing/winter-seasonal-wear/raincoats/pr?sid=2oq,s9b,qgu,hf8&p[]=facets.serviceability%5B%5D%3Dtrue&otracker=categorytree&otracker=nmenu_sub_Men_0_Raincoats"
Men,Sports wear,Sports T-Shirts,"https://www.flipkart.com/mens-clothing/sports-wear/tshirts/pr?sid=2oq,s9b,6gr,j9y&otracker=nmenu_sub_Men_0_Sports%20T-Shirts"
Men,Sports wear,Track Pants,"https://www.flipkart.com/mens-clothing/sports-wear/track-pants/pr?sid=2oq,s9b,6gr,rfn&otracker=nmenu_sub_Men_0_Track%20Pants"
Men,Sports wear,Track Suits,"https://www.flipkart.com/mens-clothing/sports-wear/track-suits/pr?sid=2oq,s9b,6gr,xxe&p[]=facets.serviceability%5B%5D%3Dtrue&otracker=categorytree&otracker=nmenu_sub_Men_0_Track%20Suits"
Men,Sports wear,Shorts,"https://www.flipkart.com/mens-clothing/cargos-shorts-34ths/shorts/pr?sid=2oq,s9b,vde,59q&otracker=nmenu_sub_Men_0_Shorts"
Men,Innerwear & Sleepwear,Briefs & Trunks,https://www.flipkart.com/mens-clothing/~briefs-and-trunks/pr?sid=2oq%2Cs9b&otracker=nmenu_sub_Men_0_Briefs%20%26%20Trunks
Men,Innerwear & Sleepwear,Vests,"https://www.flipkart.com/mens-clothing/inner-wear-sleep-wear/vests/pr?sid=2oq,s9b,b1a,kgo&otracker=nmenu_sub_Men_0_Vests"
Men,Innerwear & Sleepwear,Boxers,"https://www.flipkart.com/mens-clothing/inner-wear-sleep-wear/boxers/pr?sid=2oq,s9b,b1a,bw1&otracker=nmenu_sub_Men_0_Boxers"
Men,Innerwear & Sleepwear,Thermals,"https://www.flipkart.com/mens-clothing/inner-wear-sleep-wear/thermals/pr?sid=2oq,s9b,b1a,bhf&otracker=nmenu_sub_Men_0_Thermals"
Men,Watches,Fastrack,https://www.flipkart.com/watches/fastrack~brand/pr?sid=r18&otracker=nmenu_sub_Men_0_Fastrack
Men,Watches,Casio,https://www.flipkart.com/watches/casio~brand/pr?sid=r18&otracker=nmenu_sub_Men_0_Casio
Men,Watches,Titan,https://www.flipkart.com/watches/titan~brand/pr?sid=r18&otracker=nmenu_sub_Men_0_Titan
Men,Watches,Fossil,https://www.flipkart.com/watches/fossil~brand/pr?sid=r18&otracker=nmenu_sub_Men_0_Fossil
Men,Watches,Sonata,https://www.flipkart.com/watches/sonata~brand/pr?sid=r18&otracker=nmenu_sub_Men_0_Sonata
Men,Accessories,Backpacks,"https://www.flipkart.com/bags-wallets-belts/bags-backpacks/backpacks/pr?sid=reh,4d7,ak9&otracker=nmenu_sub_Men_0_Backpacks"
Men,Accessories,Wallets,https://www.flipkart.com/bags-wallets-belts/wallets-clutches/wallets/pr?sid=reh%2Ccca%2Ch76&marketplace=FLIPKART&p%5B%5D=facets.ideal_for%255B%255D%3DMen&p%5B%5D=facets.ideal_for%255B%255D%3DBoys&p%5B%5D=facets.serviceability%5B%5D%3Dtrue&otracker=nmenu_sub_Men_0_Wallets
Men,Accessories,Belts,"https://www.flipkart.com/bags-wallets-belts/belts/~men/pr?sid=reh,wq9&otracker=nmenu_sub_Men_0_Belts"
Men,Accessories,Sunglasses,https://www.flipkart.com/sunglasses/pr?p%5B%5D=facets.ideal_for%255B%255D%3DMen&sid=26x&otracker=nmenu_sub_Men_0_Sunglasses&p%5B%5D=facets.ideal_for%255B%255D%3DMen%2B%2526%2BWomen&otracker=nmenu_sub_Men_0_Sunglasses
Men,Accessories,Luggage & Travel,https://www.flipkart.com/bags-wallets-belts/luggage-travel/pr?count=40&p%5B%5D=facets.ideal_for%255B%255D%3DBoys%2B%2526%2BGirls&p%5B%5D=facets.ideal_for%255B%255D%3DMen%2B%2526%2BWomen&p%5B%5D=facets.ideal_for%255B%255D%3DMen&p%5B%5D=facets.ideal_for%255B%255D%3DMen%2527s&p%5B%5D=facets.ideal_for%255B%255D%3DBoys&sid=reh%2Fplk&otracker=nmenu_sub_Men_0_Luggage%20%26%20Travel
Men,Accessories,Frames,https://www.flipkart.com/eyewear/frames/pr?count=40&p%5B%5D=facets.ideal_for%255B%255D%3DMen&p%5B%5D=facets.ideal_for%255B%255D%3DUnisex&sid=u73%2Fh4k&otracker=nmenu_sub_Men_0_Frames
Men,Accessories,Jewellery,https://www.flipkart.com/jewellery/pr?p%5B%5D=facets.ideal_for%255B%255D%3DMen&p%5B%5D=facets.ideal_for%255B%255D%3DBoys&sid=mcr&otracker=nmenu_sub_Men_0_Jewellery
Men,Personal Care Appliances,Trimmers,https://www.flipkart.com/health-personal-care-appliances/personal-care-appliances/trimmers/pr?count=40&otracker=nmenu_sub_Men_0_Trimmers&p%5B%5D=facets.ideal_for%255B%255D%3DMen&p%5B%5D=facets.ideal_for%255B%255D%3DMen%2B%2526%2BWomen&sid=zlw%2F79s%2Fby3&otracker=nmenu_sub_Men_0_Trimmers
Men,Personal Care Appliances,Shavers,"https://www.flipkart.com/health-personal-care-appliances/personal-care-appliances/shavers/pr?sid=zlw,79s,u3j&otracker=nmenu_sub_Men_0_Shavers"
Men,Personal Care Appliances,Grooming Kits,"https://www.flipkart.com/health-personal-care-appliances/personal-care-appliances/grooming-kit/pr?sid=zlw,79s,bi7&otracker=nmenu_sub_Men_0_Grooming%20Kits"
Men,Featured,Watches Store,https://www.flipkart.com/mens-watches-store?otracker=nmenu_sub_Men_0_Watches%20Store
Men,Featured,Footwear Club,https://www.flipkart.com/men-exclusive-store?otracker=nmenu_sub_Men_0_Footwear%20Club
Men,Featured,Bags & Wallet,https://www.flipkart.com/mens-bags-wallet-store?otracker=nmenu_sub_Men_0_Bags%20%26%20Wallet
Men,Featured,T-Shirt Store,https://www.flipkart.com/mens-tshirts-store?otracker=nmenu_sub_Men_0_T-Shirt%20Store
Men,Featured,Adidas,https://www.flipkart.com/mens-footwear/pr?sid=osp%2Ccil&otracker=nmenu_sub_Men_0_Footwear&p%5B%5D=facets.brand%255B%255D%3DADIDAS&p%5B%5D=facets.brand%255B%255D%3DADIDAS%2BNEO&p%5B%5D=facets.brand%255B%255D%3DADIDAS%2BORIGINALS&otracker=nmenu_sub_Men_0_Adidas
Men,Featured,Beardo,https://www.flipkart.com/beauty-and-personal-care/mens-grooming/hair-care/pr?count=40&otracker=categorytree&p%5B%5D=facets.brand%255B%255D%3DBeardo&sid=t06%2Fhb1%2Fb7e&otracker=nmenu_sub_Men_0_Beardo
Men,Featured,Reebok,"https://www.flipkart.com/mens-footwear/reebok~brand/pr?sid=osp,cil&otracker=nmenu_sub_Men_0_Reebok"
Men,Featured,Skechers,"https://www.flipkart.com/mens-footwear/skechers~brand/pr?sid=osp,cil&otracker=nmenu_sub_Men_0_Skechers"
Men,Featured,Nike,"https://www.flipkart.com/mens-footwear/nike~brand/pr?sid=osp,cil&otracker=nmenu_sub_Men_0_Nike"
Women,Western Wear,"Tops, T-Shirts & Shirts","https://www.flipkart.com/womens-clothing/western-wear/shirts-tops-tunics/pr?sid=2oq,c1r,ha6,cck&p[]=facets.serviceability%5B%5D%3Dtrue&otracker=categorytree&otracker=nmenu_sub_Women_0_Tops%2C%20T-Shirts%20%26%20Shirts"
Women,Western Wear,Dresses,"https://www.flipkart.com/women/dresses/pr?sid=2oq,c1r,ha6,xzt,3y0&otracker=categorytree&otracker=nmenu_sub_Women_0_Dresses&otracker=nmenu_sub_Women_0_Dresses&otracker=nmenu_sub_Women_0_Dresses"
Women,Western Wear,Jeans,"https://www.flipkart.com/womens-clothing/western-wear/jeans-shorts/jeans/pr?sid=2oq,c1r,ha6,uuk,q02&otracker=nmenu_sub_Women_0_Jeans&otracker=nmenu_sub_Women_0_Jeans&otracker=nmenu_sub_Women_0_Jeans"
Women,Western Wear,Shorts,"https://www.flipkart.com/womens-clothing/western-wear/jeans-shorts/shorts/pr?sid=2oq,c1r,ha6,uuk,7e2&p[]=facets.serviceability%5B%5D%3Dtrue&otracker=categorytree&otracker=nmenu_sub_Women_0_Shorts"
Women,Western Wear,Skirts,"https://www.flipkart.com/womens-clothing/western-wear/dresses-skirts/skirts/pr?sid=2oq,c1r,ha6,xzt,u0w&p[]=facets.serviceability%5B%5D%3Dtrue&otracker=categorytree&otracker=nmenu_sub_Women_0_Skirts"
Women,Western Wear,Leggings & Jeggings,"https://www.flipkart.com/womens-clothing/western-wear/leggings-jeggings/pr?sid=2oq,c1r,ha6,q7g&otracker=categorytree&otracker=nmenu_sub_Women_0_Leggings%20%26%20Jeggings&otracker=nmenu_sub_Women_0_Leggings%20%26%20Jeggings"
Women,Western Wear,Trousers & Capris,"https://www.flipkart.com/western-wear/trousers-capris/pr?sid=2oq,c1r,ha6,uo8&otracker=nmenu_sub_Women_0_Trousers%20and%20Capris&otracker=nmenu_sub_Women_0_Trousers%20%26%20Capris&otracker=nmenu_sub_Women_0_Trousers%20%26%20Capris"
Women,Lingerie & Sleepwear,Bras,"https://www.flipkart.com/womens-clothing/lingerie-sleep-swimwear/bras/pr?sid=2oq,c1r,tbt,3o8&p[]=facets.serviceability%5B%5D%3Dtrue&otracker=categorytree&otracker=nmenu_sub_Women_0_Bras"
Women,Lingerie & Sleepwear,Panties,"https://www.flipkart.com/womens-clothing/lingerie-sleep-swimwear/panties/pr?sid=2oq,c1r,tbt,8sc&p[]=facets.serviceability%5B%5D%3Dtrue&otracker=categorytree&otracker=nmenu_sub_Women_0_Panties"
Women,Lingerie & Sleepwear,Lingerie Sets,"https://www.flipkart.com/womens-clothing/lingerie-sleep-swimwear/lingerie-sets/pr?sid=2oq,c1r,tbt,xjz&p[]=facets.serviceability%5B%5D%3Dtrue&otracker=categorytree&otracker=nmenu_sub_Women_0_Lingerie%20Sets"
Women,Lingerie & Sleepwear,Night Dresses & Nighties,https://www.flipkart.com/womens-clothing/lingerie-sleep-swimwear/night-dresses-nighties/pr?sid=2oq%2Cc1r%2Ctbt%2C25w&otracker=nmenu_sub_Women_0_Nightsuits%20and%20Nightdresses&otracker=nmenu_sub_Women_0_Nightsuits%20%26%20Nightdresses&otracker=nmenu_sub_Women_0_Night%20Dresses%20%26%20Nighties
Women,Lingerie & Sleepwear,Shapewear,"https://www.flipkart.com/womens-clothing/lingerie-sleep-swimwear/shapewears/pr?sid=2oq,c1r,tbt,rqz&otracker=categorytree&otracker=nmenu_sub_Women_0_Shapewear&otracker=nmenu_sub_Women_0_Shapewear"
Women,Lingerie & Sleepwear,Camisoles & Slips,"https://www.flipkart.com/womens-clothing/lingerie-sleep-swimwear/camisoles-slips/pr?sid=2oq,c1r,tbt,w9p&otracker=categorytree&otracker=nmenu_sub_Women_0_Camisoles%20%26%20Slips&otracker=nmenu_sub_Women_0_Camisoles%20%26%20Slips"
Women,Ethnic Wear,Sarees,"https://www.flipkart.com/sarees/pr?sid=2oq,c1r,3pj,7od&otracker=nmenu_sub_Women_0_Sarees&otracker=nmenu_sub_Women_0_Sarees"
Women,Ethnic Wear,Kurtas & Kurtis,"https://www.flipkart.com/womens-clothing/ethnic-wear/kurtas-kurtis/pr?sid=2oq,c1r,3pj,ua6&otracker=categorytree&otracker=nmenu_sub_Women_0_Kurtas%20%26%20Kurtis"
Women,Ethnic Wear,Dress Material,"https://www.flipkart.com/womens-clothing/ethnic-wear/dress-materials/pr?sid=2oq,c1r,3pj,5ji&otracker=nmenu_sub_Women_0_Dress%20Material&otracker=nmenu_sub_Women_0_Dress%20Material"
Women,Ethnic Wear,Lehenga Choli,"https://www.flipkart.com/womens-clothing/ethnic-wear/lehenga-cholis/pr?sid=2oq,c1r,3pj,t5i&otracker=nmenu_sub_Women_0_Lehenga%20Choli&otracker=nmenu_sub_Women_0_Lehenga%20Choli"
Women,Ethnic Wear,Blouse,"https://www.flipkart.com/womens-clothing/ethnic-wear/blouses/pr?sid=2oq,c1r,3pj,vx5&otracker=nmenu_sub_Women_0_Blouse&otracker=nmenu_sub_Women_0_Blouse"
Women,Ethnic Wear,Ethnic Bottoms,"https://www.flipkart.com/womens-clothing/ethnic-wear/ethnic-bottoms/pr?sid=2oq,c1r,3pj,9l3&otracker=nmenu_sub_Women_0_Leggings%20and%20Salwars&otracker=nmenu_sub_Women_0_Ethnic%20Bottoms"
Women,Ethnic Wear,Anarkali Suits,"https://www.flipkart.com/womens-clothing/ethnic-wear/pr?sid=2oq,c1r,3pj&p[]=facets.type%255B%255D%3DAnarkali&p[]=facets.type%255B%255D%3DGown%252FAnarkali%2BKurta%2B%2526%2BBottom%2BMaterial&p[]=facets.type%255B%255D%3DAnarkali%2BKurta%252C%2BBottom%2B%2526%2BDupatta%2BSet&p[]=facets.serviceability%5B%5D%3Dtrue&otracker=categorytree&otracker=nmenu_sub_Women_0_Anarkali%20Suits"
Women,Ethnic Wear,Petticoats,"https://www.flipkart.com/womens-clothing/ethnic-wear/petticoats/pr?sid=2oq,c1r,3pj,yo1&otracker=categorytree&otracker=nmenu_sub_Women_0_Petticoats"
Women,Ethnic Wear,Abhayas & Burqas,"https://www.flipkart.com/womens-clothing/ethnic-wear/abayas-burqas/pr?sid=2oq,c1r,3pj,oh9&otracker=categorytree&otracker=nmenu_sub_Women_0_Abhayas%20%26%20Burqas"
Women,Ethnic Wear,Dupattas,"https://www.flipkart.com/womens-clothing/ethnic-wear/dupattas/pr?sid=2oq,c1r,3pj,s0u&otracker=categorytree&otracker=nmenu_sub_Women_0_Dupattas"
Women,Sandals,Flats,"https://www.flipkart.com/womens-footwear/flats/pr?sid=osp,iko,9d5&otracker=nmenu_sub_Women_0_Flats"
Women,Sandals,Heels,"https://www.flipkart.com/womens-footwear/heels/pr?sid=osp,iko,6q1&otracker=nmenu_sub_Women_0_Heels"
Women,Sandals,Wedges,"https://www.flipkart.com/womens-footwear/wedges/pr?sid=osp,iko,jpm&otracker=nmenu_sub_Women_0_Wedges"
Women,Shoes,Sports Shoes,"https://www.flipkart.com/womens-footwear/sports-shoes/pr?sid=osp,iko,d20&otracker=nmenu_sub_Women_0_Sports%20Shoes"
Women,Shoes,Casual Shoes,"https://www.flipkart.com/womens-footwear/casual-shoes/pr?sid=osp,iko,sx7&otracker=nmenu_sub_Women_0_Casual%20Shoes"
Women,Shoes,Boots,https://www.flipkart.com/womens-footwear/boots/pr?sid=osp%2Ciko%2Cxgp&otracker=nmenu_sub_Women_0_Boots
Women,Personal Care Appliances,Hair Straightners,"https://www.flipkart.com/health-personal-care-appliances/personal-care-appliances/hair-straighteners/pr?sid=zlw,79s,dk5&otracker=nmenu_sub_Women_0_Hair%20Straightners"
Women,Personal Care Appliances,Hair Dryers,"https://www.flipkart.com/health-personal-care-appliances/personal-care-appliances/hair-dryers/pr?sid=zlw,79s,mh8&otracker=nmenu_sub_Women_0_Hair%20Dryers"
Women,Personal Care Appliances,Epilators,"https://www.flipkart.com/health-personal-care-appliances/personal-care-appliances/epilators/pr?sid=zlw,79s,k32&otracker=nmenu_sub_Women_0_Epilators"
Women,Beauty & Grooming,Make Up,"https://www.flipkart.com/beauty-and-grooming/makeup/pr?sid=g9b,ffi&p[]=facets.serviceability%5B%5D%3Dtrue&otracker=categorytree&otracker=nmenu_sub_Women_0_Make%20Up"
Women,Beauty & Grooming,Skin Care,https://www.flipkart.com/beauty-and-grooming/body-face-skin-care/body-and-face-care/pr?sid=g9b%2Cema%2C5la&p%5B%5D=facets.ideal_for%255B%255D%3DMen%2B%2526%2BWomen&otracker=categorytree&p%5B%5D=facets.ideal_for%255B%255D%3DWomen&p%5B%5D=facets.ideal_for%255B%255D%3DUnisex&p%5B%5D=facets.serviceability%5B%5D%3Dtrue&otracker=nmenu_sub_Women_0_Skin%20Care
Women,Beauty & Grooming,Hair Care,"https://www.flipkart.com/beauty-and-grooming/hair-care-and-accessory/pr?sid=g9b,lcf&p[]=facets.serviceability%5B%5D%3Dtrue&otracker=categorytree&otracker=nmenu_sub_Women_0_Hair%20Care"
Women,Beauty & Grooming,Bath & Spa,"https://www.flipkart.com/beauty-and-grooming/bath-shower/pr?sid=g9b,5nz&p[]=facets.serviceability%5B%5D%3Dtrue&otracker=categorytree&otracker=nmenu_sub_Women_0_Bath%20%26%20Spa"
Women,Beauty & Grooming,Deodorants & Perfumes,https://www.flipkart.com/beauty-and-grooming/fragrances/pr?sid=g9b%2C0yh&p%5B%5D=facets.ideal_for%255B%255D%3DWomen&otracker=categorytree&p%5B%5D=facets.ideal_for%255B%255D%3DMen%2B%2526%2BWomen&p%5B%5D=facets.serviceability%5B%5D%3Dtrue&otracker=nmenu_sub_Women_0_Deodorants%20%26%20Perfumes
Women,Jewellery,Artificial Jewellery,https://www.flipkart.com/fashion-jewellery-store?otracker=nmenu_sub_Women_0_Artificial%20Jewellery
Women,Jewellery,Silver Jewellery,"https://www.flipkart.com/jewellery/silver-jewellery/pr?sid=mcr,tfz&otracker=nmenu_sub_Women_0_Silver%20Jewellery"
Women,Jewellery,Precious Jewellery,"https://www.flipkart.com/jewellery/precious-jewellery/pr?sid=mcr,ykh&otracker=nmenu_sub_Women_0_Precious%20Jewellery"
Women,Jewellery,Coins and Bars,"https://www.flipkart.com/jewellery/gemstones-coins-bars/pr?sid=mcr,73x&p[]=facets.serviceability%5B%5D%3Dtrue&otracker=categorytree&otracker=nmenu_sub_Women_0_Coins%20and%20Bars"
Women,Accessories,Handbags,"https://www.flipkart.com/bags-wallets-belts/handbags-clutches/handbags/pr?sid=reh,ihu,m08&otracker=categorytree&otracker=nmenu_sub_Women_0_Handbags"
Women,Accessories,Shoulder Bags,"https://www.flipkart.com/bags-wallets-belts/handbags-clutches/shoulder-bags/pr?sid=reh,ihu,1gy&otracker=categorytree&otracker=nmenu_sub_Women_0_Shoulder%20Bags"
Women,Accessories,Totes,"https://www.flipkart.com/bags-wallets-belts/handbags-clutches/totes/pr?sid=reh,ihu,v57&otracker=categorytree&otracker=nmenu_sub_Women_0_Totes"
Women,Accessories,Sling bags,"https://www.flipkart.com/bags-wallets-belts/handbags-clutches/sling-bags/pr?sid=reh,ihu,mf2&otracker=categorytree&otracker=nmenu_sub_Women_0_Sling%20bags"
Women,Accessories,Clutches,"https://www.flipkart.com/bags-wallets-belts/wallets-clutches/clutches/pr?sid=reh,cca,q6i&otracker=categorytree&otracker=nmenu_sub_Women_0_Clutches"
Women,Accessories,Wallets & Belts,https://www.flipkart.com/bags-wallets-belts/~wallets-belts/pr?p[]=facets.ideal_for%255B%255D=Women&p[]=sort=popularity&sid=reh&otracker=nmenu_sub_Women_0_Wallets%20%26%20Belts
Women,Accessories,Luggage & Travel,https://www.flipkart.com/bags-wallets-belts/luggage-travel/pr?count=40&p%5B%5D=facets.ideal_for%255B%255D%3DBoys%2B%2526%2BGirls&p%5B%5D=facets.ideal_for%255B%255D%3DWomen&p%5B%5D=facets.ideal_for%255B%255D%3DWomen%2527s&p%5B%5D=facets.ideal_for%255B%255D%3DGirls&p%5B%5D=facets.ideal_for%255B%255D%3DMen%2B%2526%2BWomen&sid=reh%2Fplk&otracker=nmenu_sub_Women_0_Luggage%20%26%20Travel
Women,Accessories,Sunglasses,https://www.flipkart.com/sunglasses/pr?p%5B%5D=facets.ideal_for%255B%255D%3DMen%2B%2526%2BWomen&sid=26x&otracker=nmenu_sub_Women_0_Sunglasses&p%5B%5D=facets.ideal_for%255B%255D%3DWomen&otracker=nmenu_sub_Women_0_Sunglasses
Women,Accessories,Frames,https://www.flipkart.com/eyewear/frames/pr?count=40&p%5B%5D=facets.ideal_for%255B%255D%3DUnisex&p%5B%5D=facets.ideal_for%255B%255D%3DWomen&sid=u73%2Fh4k&otracker=nmenu_sub_Women_0_Frames
Women,Featured,Forever 21,https://www.flipkart.com/all/pr?count=40&p%5B%5D=facets.brand%255B%255D%3DForever%2B21&sid=all&otracker=nmenu_sub_Women_0_Forever%2021
Women,Featured,Accessorize,https://www.flipkart.com/all/pr?sid=all&p[]=facets.brand%255B%255D%3DAccessorize&otracker=categorytree&otracker=nmenu_sub_Women_0_Accessorize
Women,Featured,W,https://www.flipkart.com/all/pr?count=40&otracker=categorytree&p%5B%5D=facets.brand%255B%255D%3DW&sid=all&otracker=nmenu_sub_Women_0_W
Women,Featured,Pantaloons,https://www.flipkart.com/womens-clothing/pr?count=40&otracker=categorytree&p%5B%5D=facets.brand%255B%255D%3DAjile%2Bby%2BPantaloons&p%5B%5D=facets.brand%255B%255D%3DAkkriti%2Bby%2BPantaloons&p%5B%5D=facets.brand%255B%255D%3DAnnabelle%2Bby%2BPantaloons&p%5B%5D=facets.brand%255B%255D%3DCandies%2Bby%2BPantaloons&p%5B%5D=facets.brand%255B%255D%3DHoney%2BBy%2BPantaloons&p%5B%5D=facets.brand%255B%255D%3DIzabel%2BLondon%2Bby%2BPantaloons&p%5B%5D=facets.brand%255B%255D%3DRangmanch%2Bby%2BPantaloons&p%5B%5D=facets.brand%255B%255D%3DSF%2BJeans%2Bby%2BPantaloons&sid=2oq%2Fc1r&otracker=nmenu_sub_Women_0_Pantaloons
Women,Featured,Chemistry,https://www.flipkart.com/all/~womens-footwear-and-handbag/pr?p%5B%5D=facets.brand%255B%255D%3DChemistry&sid=all&otracker=nmenu_sub_Women_0_Chemistry
Women,Featured,Lakme,https://www.flipkart.com/search?p[]=facets.brand%255B%255D%3DLakme&sid=t06&otracker=CLP_filters&otracker=nmenu_sub_Women_0_Lakme
Women,Featured,Nivea,https://www.flipkart.com/search?count=40&otracker=CLP_filters&p%5B%5D=facets.brand%255B%255D%3DNivea&p%5B%5D=facets.brand%255B%255D%3DNivea%2BMen&sid=t06&otracker=nmenu_sub_Women_0_Nivea
Women,Featured,Catwalk,https://www.flipkart.com/womens-footwear/pr?otracker=categorytree&p%5B%5D=facets.brand%255B%255D%3DCatwalk&sid=osp%2Fiko&otracker=nmenu_sub_Women_0_Catwalk
Women,Featured,Titan-Raga,https://www.flipkart.com/watches/pr?otracker=product_breadCrumbs_Watches&p%5B%5D=facets.brand%255B%255D%3DTitan&p%5B%5D=facets.ideal_for%255B%255D%3DWomen&sid=r18&otracker=nmenu_sub_Women_0_Titan-Raga
Women,Featured,Fastrack,https://www.flipkart.com/all/pr?sid=all&p[]=facets.brand%255B%255D%3DFastrack&otracker=nmenu_sub_Women_0_Fastrack
Women,Featured,Divastri,https://www.flipkart.com/divastri-store?otracker=nmenu_sub_Women_0_Divastri
Women,Featured,Rare Roots,https://www.flipkart.com/womens-clothing/pr?count=40&p%5B%5D=facets.brand%255B%255D%3DRARE%2BROOTS&sid=2oq%2Fc1r&otracker=nmenu_sub_Women_0_Rare%20Roots
Women,Featured,Anmi,https://www.flipkart.com/the-anmi-store?otracker=nmenu_sub_Women_0_Anmi
Women,Featured,Coins & Bars,"https://www.flipkart.com/gold-silver-coins/coins-bars/pr?sid=all,mcr,73x,ydh&otracker=categorytree&otracker=nmenu_sub_Women_0_Coins%20%26%20Bars"
Women,Featured,Crocs,https://www.flipkart.com/womens-footwear/pr?sid=osp%2Ciko&p%5B%5D=facets.serviceability%5B%5D%3Dtrue&otracker=categorytree&p%5B%5D=facets.brand%255B%255D%3DCrocs&otracker=nmenu_sub_Women_0_Crocs
Women,Trending today!,Ruffles & Frills,https://www.flipkart.com/western-wear/pr?facets.availability%5b%5d=Exclude+Out+of+Stock&p%5B%5D=facets.filter_standard%255B%255D%3D1&p%5B%5D=facets.theme%255B%255D%3DRuffles&sid=ha6&otracker=nmenu_sub_Women_0_Ruffles%20%26%20Frills
Women,Trending today!,Pastel Kurtas & Kurtis,https://www.flipkart.com/search?facets.availability[]=Exclude+Out+of+Stock&p[]=facets.filter_standard[]=1&p[]=facets.theme%255B%255D%3DPastel%2BKurtas&sid=2oq%2Fc1r%2F3pj&otracker=clp_metro_tile3_1_kurta-categ-ca620_kurta-kurti-store_aa76c0f1-f407-428d-9018-e9e3db294186_wp2&otracker=nmenu_sub_Women_0_Pastel%20Kurtas%20%26%20Kurtis
Women,Trending today!,Designer Net Sarees,https://www.flipkart.com/sarees/pr?facets.availability[]=Exclude+Out+of+Stock&p%5B%5D=facets.filter_standard%255B%255D%3D1&p%5B%5D=facets.theme%255B%255D%3DDesigner%2BSarees&p%5B%5D=facets.theme%255B%255D%3DPastel&p%5B%5D=facets.theme%255B%255D%3DTouch%2Bof%2BGold&sid=2oq%2Fc1r%2F3pj%2F7od&otracker=clp_metro_tile3_1_saree-categ-1884a_sarees-store_5926195c-d5cd-4ed7-8cf6-5937f3faec19_wp2&otracker=nmenu_sub_Women_0_Designer%20Net%20Sarees
Baby & Kids,Boys' Clothing,Polos & T-Shirts,"https://www.flipkart.com/kids-clothing/boys-wear/polos-tshirts/pr?sid=2oq,mpf,u6l,yj5&otracker=nmenu_sub_Baby%20%26%20Kids_0_Polos%20%26%20T-Shirts"
Baby & Kids,Boys' Clothing,Ethnic Wear,"https://www.flipkart.com/kids-clothing/boys-wear/ethnic-wear/pr?sid=2oq,mpf,u6l,et9&otracker=nmenu_sub_Baby%20%26%20Kids_0_Ethnic%20Wear"
Baby & Kids,Boys' Clothing,Shorts & 3/4ths,"https://www.flipkart.com/kids-clothing/boys-wear/shorts-34ths/pr?sid=2oq,mpf,u6l,xt9&otracker=categorytree&otracker=nmenu_sub_Baby%20%26%20Kids_0_Shorts%20%26%203%2F4ths"
Baby & Kids,Girls' Clothing,Dresses & Skirts,"https://www.flipkart.com/kids-clothing/girls-wear/dresses-skirts/pr?sid=2oq,mpf,acr,ot6&otracker=nmenu_sub_Baby%20%26%20Kids_0_Dresses%20%26%20Skirts"
Baby & Kids,Girls' Clothing,Ethnic Wear,"https://www.flipkart.com/kids-clothing/girls-wear/ethnic-wear/pr?sid=2oq,mpf,acr,6rr&otracker=nmenu_sub_Baby%20%26%20Kids_0_Ethnic%20Wear"
Baby & Kids,Girls' Clothing,T-shirts & Tops,"https://www.flipkart.com/kids-clothing/girls-wear/tshirts-tops/pr?sid=2oq,mpf,acr,q0v&otracker=categorytree&otracker=nmenu_sub_Baby%20%26%20Kids_0_T-shirts%20%26%20Tops"
Baby & Kids,Baby Boy Clothing,Body Suits,"https://www.flipkart.com/infants-wear/baby-boys/bodysuits-sleepsuits/pr?sid=2oq,mpf,cki,exf,cgw&otracker=nmenu_sub_Baby%20%26%20Kids_0_Body%20Suits"
Baby & Kids,Baby Boy Clothing,Polos & T-Shirts,"https://www.flipkart.com/kids-clothing/infants-wear/baby-boys/polos-tshirts/pr?sid=2oq,mpf,cki,exf,b2d&otracker=nmenu_sub_Baby%20%26%20Kids_0_Polos%20%26%20T-Shirts"
Baby & Kids,Baby Girl Clothing,Body Suits,"https://www.flipkart.com/kids-clothing/infants-wear/baby-girls/bodysuits-sleepsuits/pr?sid=2oq,mpf,cki,kzp,3gw&otracker=nmenu_sub_Baby%20%26%20Kids_0_Body%20Suits"
Baby & Kids,Baby Girl Clothing,Dresses,"https://www.flipkart.com/kids-clothing/infants-wear/baby-girls/dresses-skirts/dresses/pr?sid=2oq,mpf,cki,kzp,rf8,l8b&otracker=nmenu_sub_Baby%20%26%20Kids_0_Dresses"
Baby & Kids,Boys' Footwear,Sandals,"https://www.flipkart.com/footwear/kids-infant-footwear/for-boys/sandals/pr?sid=osp,mba,o3t,wqv&otracker=nmenu_sub_Baby%20%26%20Kids_0_Sandals"
Baby & Kids,Boys' Footwear,Sport Shoes,"https://www.flipkart.com/footwear/kids-infant-footwear/for-boys/sports-shoes/pr?sid=osp,mba,o3t,aua&otracker=nmenu_sub_Baby%20%26%20Kids_0_Sport%20Shoes"
Baby & Kids,Girls' Footwear,Flats & Bellies,"https://www.flipkart.com/footwear/kids-infant-footwear/for-girls/flats-bellies/pr?sid=osp,mba,erx,6yc&otracker=nmenu_sub_Baby%20%26%20Kids_0_Flats%20%26%20Bellies"
Baby & Kids,Girls' Footwear,Sport Shoes,"https://www.flipkart.com/footwear/kids-infant-footwear/for-girls/sports-shoes/pr?sid=osp,mba,erx,9oc&otracker=nmenu_sub_Baby%20%26%20Kids_0_Sport%20Shoes"
Baby & Kids,Kids Winter Wear,Boys Winter Wear,"https://www.flipkart.com/kids-clothing/boys-wear/winter-seasonal-wear/pr?sid=2oq,mpf,u6l,tim&otracker=categorytree&otracker=nmenu_sub_Baby%20%26%20Kids_0_Boys%20Winter%20Wear"
Baby & Kids,Kids Winter Wear,Girls Winter Wear,"https://www.flipkart.com/kids-clothing/girls-wear/winter-seasonal-wear/pr?sid=2oq,mpf,acr,c3a&otracker=categorytree&otracker=nmenu_sub_Baby%20%26%20Kids_0_Girls%20Winter%20Wear"
Baby & Kids,Kids Winter Wear,Infants Winter Wear,"https://www.flipkart.com/kids-clothing/infants-wear/~kids-winterwear/pr?sid=2oq,mpf,cki&otracker=categorytree&otracker=nmenu_sub_Baby%20%26%20Kids_0_Infants%20Winter%20Wear"
Baby & Kids,Kids Winter Wear,Thermals,"https://www.flipkart.com/kids-clothing/girls-wear/winter-seasonal-wear/thermals/pr?sid=2oq,mpf,acr,c3a,enh&otracker=categorytree&otracker=nmenu_sub_Baby%20%26%20Kids_0_Thermals"
Baby & Kids,Kids Winter Wear,Kids' Watches,https://www.flipkart.com/watches/pr?sid=r18&p%5B%5D=facets.ideal_for%255B%255D%3DGirls&p%5B%5D=facets.ideal_for%255B%255D%3DBoys&p%5B%5D=facets.ideal_for%255B%255D%3DBoys%2B%2526%2BGirls&otracker=nmenu_sub_Baby%20%26%20Kids_0_Kids'%20Watches
Baby & Kids,Kids Winter Wear,Kids' Sunglasses,https://www.flipkart.com/sunglasses/pr?sid=26x&p%5B%5D=facets.ideal_for%255B%255D%3DBoys&otracker=categorytree&p%5B%5D=facets.ideal_for%255B%255D%3DGirls&p%5B%5D=facets.ideal_for%255B%255D%3DBoys%2B%2526%2BGirls&p%5B%5D=facets.serviceability%5B%5D%3Dtrue&otracker=nmenu_sub_Baby%20%26%20Kids_0_Kids'%20Sunglasses
Baby & Kids,Toys,Remote Control Toys,"https://www.flipkart.com/toys/remote-control-toys/pr?sid=mgl,56m&otracker=nmenu_sub_Baby%20%26%20Kids_0_Remote%20Control%20Toys"
Baby & Kids,Toys,Educational Toys,"https://www.flipkart.com/toys/educational-toys/learning-toys/pr?sid=mgl,u35&otracker=nmenu_sub_Baby%20%26%20Kids_0_Educational%20Toys"
Baby & Kids,Toys,Soft Toys,"https://www.flipkart.com/toys/stuffed-toys/pr?sid=mgl,1zt&otracker=nmenu_sub_Baby%20%26%20Kids_0_Soft%20Toys"
Baby & Kids,Toys,Cars & Die-cast Vehicles,https://www.flipkart.com/toys/vehicle-action-toys/vehicle-pull-along/pr?sid=mgl%2Cj6q&otracker=nmenu_sub_Baby%20%26%20Kids_0_Cars%20%26%20Die-cast%20Vehicles
Baby & Kids,Toys,Outdoor Toys,https://www.flipkart.com/toys/outdoor-toys/pr?sid=mgl%2C1k9&otracker=nmenu_sub_Baby%20%26%20Kids_0_Outdoor%20Toys
Baby & Kids,Toys,Action Figures,"https://www.flipkart.com/toys/vehicle-action-toys/action-figures/pr?sid=mgl,k00&otracker=nmenu_sub_Baby%20%26%20Kids_0_Action%20Figures"
Baby & Kids,Toys,Board Games,"https://www.flipkart.com/toys/puzzles-board-games/card-games/pr?sid=mgl,qet&otracker=nmenu_sub_Baby%20%26%20Kids_0_Board%20Games"
Baby & Kids,Toys,Musical Toys,"https://www.flipkart.com/toys/musical-toys/pr?p%5B%5D=sort%3Dfeatured&sid=mgl,pz4&otracker=nmenu_sub_Baby%20%26%20Kids_0_Musical%20Toys"
Baby & Kids,Toys,Dolls & Doll Houses,"https://www.flipkart.com/toys/dolls-doll-houses/pr?sid=mgl,fnw&otracker=nmenu_sub_Baby%20%26%20Kids_0_Dolls%20%26%20Doll%20Houses"
Baby & Kids,Toys,Puzzles,https://www.flipkart.com/toys/puzzles/pr?sid=mgl%2Clu4&otracker=nmenu_sub_Baby%20%26%20Kids_0_Puzzles
Baby & Kids,Toys,S.T.E.M Toys,https://www.flipkart.com/stem-store?otracker=nmenu_sub_Baby%20%26%20Kids_0_S.T.E.M%20Toys
Baby & Kids,Toys,Helicopter & Drones,https://www.flipkart.com/toys/remote-control-toys/pr?sid=mgl%2C56m&otracker=categorytree&p%5B%5D=facets.type%255B%255D%3DPlanes%2B%2526%2BHelicopters&otracker=nmenu_sub_Baby%20%26%20Kids_0_Helicopter%20%26%20Drones
Baby & Kids,Toys,Toy Guns,https://www.flipkart.com/toys/vehicle-action-toys/battle-toys/pr?sid=mgl%2Cgsh&otracker=categorytree&otracker=nmenu_sub_Baby%20%26%20Kids_0_Toy%20Guns
Baby & Kids,Toys,Party Supplies,"https://www.flipkart.com/toys/party-supplies/pr?sid=mgl,ksc&otracker=categorytree&otracker=nmenu_sub_Baby%20%26%20Kids_0_Party%20Supplies"
Baby & Kids,School Supplies,School Bags,"https://www.flipkart.com/kids-accessories/school-supplies/school-bags/pr?sid=d69,thr,wsp&otracker=nmenu_sub_Baby%20%26%20Kids_0_School%20Bags"
Baby & Kids,School Supplies,School Combo Sets,https://www.flipkart.com/toys/school-supplies/school-sets/pr?sid=mgl%2Cthr%2Cscm&otracker=nmenu_sub_Baby%20%26%20Kids_0_School%20Combo%20Sets
Baby & Kids,School Supplies,Lunch Box,https://www.flipkart.com/toys/school-supplies/lunch-boxes/pr?sid=mgl%2Cthr%2Cvzp&otracker=nmenu_sub_Baby%20%26%20Kids_0_Lunch%20Box
Baby & Kids,Baby Care,Diapers,"https://www.flipkart.com/baby-care/diaper-potty-training/baby-diapers/pr?sid=kyh,fdp,yvf&p[]=facets.serviceability%5B%5D%3Dtrue&otracker=categorytree&otracker=nmenu_sub_Baby%20%26%20Kids_0_Diapers"
Baby & Kids,Baby Care,Wipes,"https://www.flipkart.com/baby-care/diaper-potty-training/baby-wipes/pr?sid=kyh,fdp,kvq&p[]=facets.serviceability%5B%5D%3Dtrue&otracker=categorytree&otracker=nmenu_sub_Baby%20%26%20Kids_0_Wipes"
Baby & Kids,Baby Care,Diapering & Potty Training,"https://www.flipkart.com/baby-care/diaper-potty-training/pr?sid=kyh,fdp&p[]=facets.serviceability%5B%5D%3Dtrue&otracker=categorytree&otracker=nmenu_sub_Baby%20%26%20Kids_0_Diapering%20%26%20Potty%20Training"
Baby & Kids,Baby Care,"Baby Bath, Hair & Skin Care","https://www.flipkart.com/baby-care/baby-bath-hair-skin-care/pr?sid=kyh,pl5&p[]=facets.serviceability%5B%5D%3Dtrue&otracker=categorytree&otracker=nmenu_sub_Baby%20%26%20Kids_0_Baby%20Bath%2C%20Hair%20%26%20Skin%20Care"
Baby & Kids,Baby Care,Baby Grooming,"https://www.flipkart.com/baby-care/baby-grooming/pr?sid=kyh,tyn&p[]=facets.serviceability%5B%5D%3Dtrue&otracker=categorytree&otracker=nmenu_sub_Baby%20%26%20Kids_0_Baby%20Grooming"
Baby & Kids,Baby Care,Baby Bathing Accessories,"https://www.flipkart.com/baby-care/baby-bathing-accessories/pr?sid=kyh,rdc&p[]=facets.serviceability%5B%5D%3Dtrue&otracker=categorytree&otracker=nmenu_sub_Baby%20%26%20Kids_0_Baby%20Bathing%20Accessories"
Baby & Kids,Baby Care,Baby Gift Sets & Combo,"https://www.flipkart.com/baby-care/baby-gift-sets-combo/pr?sid=kyh,utp&p[]=facets.serviceability%5B%5D%3Dtrue&otracker=categorytree&otracker=nmenu_sub_Baby%20%26%20Kids_0_Baby%20Gift%20Sets%20%26%20Combo"
Baby & Kids,Baby Care,Baby Oral Care,"https://www.flipkart.com/baby-care/baby-oral-care/pr?sid=kyh,ga0&p[]=facets.serviceability%5B%5D%3Dtrue&otracker=categorytree&otracker=nmenu_sub_Baby%20%26%20Kids_0_Baby%20Oral%20Care"
Baby & Kids,Baby Care,Nursing & Breast Feeding,"https://www.flipkart.com/baby-care/nursing-breast-feeding/pr?sid=kyh,ie7&p[]=facets.serviceability%5B%5D%3Dtrue&otracker=categorytree&otracker=nmenu_sub_Baby%20%26%20Kids_0_Nursing%20%26%20Breast%20Feeding"
Baby & Kids,Baby Care,Baby Food,"https://www.flipkart.com/baby-care/baby-food/pr?sid=kyh,arw&p[]=facets.serviceability%5B%5D%3Dtrue&otracker=categorytree&otracker=nmenu_sub_Baby%20%26%20Kids_0_Baby%20Food"
Baby & Kids,Baby Care,Baby Feeding Bottle & Accessories,"https://www.flipkart.com/baby-care/baby-feeding-bottle-accessories/pr?sid=kyh,9gj&p[]=facets.serviceability%5B%5D%3Dtrue&otracker=categorytree&otracker=nmenu_sub_Baby%20%26%20Kids_0_Baby%20Feeding%20Bottle%20%26%20Accessories"
Baby & Kids,Baby Care,Baby Feeding Utensils & Accessories,"https://www.flipkart.com/baby-care/baby-feeding-utensils-accessories/pr?sid=kyh,dki&p[]=facets.serviceability%5B%5D%3Dtrue&otracker=categorytree&otracker=nmenu_sub_Baby%20%26%20Kids_0_Baby%20Feeding%20Utensils%20%26%20Accessories"
Baby & Kids,Baby Care,Baby Bedding,"https://www.flipkart.com/baby-care/baby-bedding/pr?sid=kyh,7j3&p[]=facets.serviceability%5B%5D%3Dtrue&otracker=categorytree&otracker=nmenu_sub_Baby%20%26%20Kids_0_Baby%20Bedding"
Baby & Kids,Baby Care,Baby Gear,"https://www.flipkart.com/baby-care/strollers-activity-gear/pr?sid=kyh,5mt&p[]=facets.serviceability%5B%5D%3Dtrue&otracker=categorytree&otracker=nmenu_sub_Baby%20%26%20Kids_0_Baby%20Gear"
Baby & Kids,Baby Care,Baby Medical & Health Care,"https://www.flipkart.com/baby-care/baby-medical-health-care/pr?sid=kyh,g83&p[]=facets.serviceability%5B%5D%3Dtrue&otracker=categorytree&otracker=nmenu_sub_Baby%20%26%20Kids_0_Baby%20Medical%20%26%20Health%20Care"
Baby & Kids,Baby Care,Baby Proofing & Safety,"https://www.flipkart.com/baby-care/baby-proofing-safety/pr?sid=kyh,vxo&p[]=facets.serviceability%5B%5D%3Dtrue&otracker=categorytree&otracker=nmenu_sub_Baby%20%26%20Kids_0_Baby%20Proofing%20%26%20Safety"
Baby & Kids,Baby Care,Baby Cleaners & Detergents,"https://www.flipkart.com/baby-care/baby-cleaners-detergents/pr?sid=kyh,akv&p[]=facets.serviceability%5B%5D%3Dtrue&otracker=categorytree&otracker=nmenu_sub_Baby%20%26%20Kids_0_Baby%20Cleaners%20%26%20Detergents"
Baby & Kids,Featured brands,Miss & Chief,https://www.flipkart.com/missandchief-store?otracker=nmenu_sub_Baby%20%26%20Kids_0_Miss%20%26%20Chief
Baby & Kids,Featured brands,Barbie,https://www.flipkart.com/toys/barbie~brand/pr?sid=mgl&otracker=nmenu_sub_Baby%20%26%20Kids_0_Barbie
Baby & Kids,Featured brands,Disney,https://www.flipkart.com/toys/disney~brand/pr?sid=mgl&otracker=nmenu_sub_Baby%20%26%20Kids_0_Disney
Baby & Kids,Featured brands,United Colors of Benetton,https://www.flipkart.com/kids-clothing/pr?count=40&otracker=categorytree&p%5B%5D=facets.brand%255B%255D%3DUnited%2BColors%2Bof%2BBenetton&p%5B%5D=facets.brand%255B%255D%3DUnited%2BColors%2Bof%2BBenetton.&sid=2oq%2Fmpf&otracker=nmenu_sub_Baby%20%26%20Kids_0_United%20Colors%20of%20Benetton
Baby & Kids,Featured brands,The Children's Place,https://www.flipkart.com/kids-clothing/pr?sid=2oq%2Cmpf&otracker=categorytree&otracker=nmenu_sub_Baby+%26+Kids_0_Kids+Clothing&p%5B%5D=facets.serviceability%5B%5D%3Dtrue&p%5B%5D=facets.brand%255B%255D%3DThe%2BChildren%2527s%2BPlace&otracker=nmenu_sub_Baby%20%26%20Kids_0_The%20Children's%20Place
Baby & Kids,Featured brands,US Polo,https://www.flipkart.com/kids-clothing/pr?count=40&otracker=categorytree&otracker=nmenu_sub_Baby+and+Kids_0_Kids+Clothing&p%5B%5D=facets.brand%255B%255D%3DU%2BS%2BPolo%2BKids&p%5B%5D=facets.brand%255B%255D%3DU%2BS%2BPOLO%2BKIDS&p%5B%5D=facets.brand%255B%255D%3DU.S.%2BPolo%2BAssn&p%5B%5D=facets.brand%255B%255D%3DU.S.%2BPolo%2BAssn.&p%5B%5D=facets.brand%255B%255D%3DUs%2BPolo%2BKids&p%5B%5D=facets.brand%255B%255D%3DUS%2BPolo%2BKids&p%5B%5D=facets.brand%255B%255D%3DUS%2BPOLO%2BKIDS&sid=2oq%2Fmpf&otracker=nmenu_sub_Baby%20%26%20Kids_0_US%20Polo
Baby & Kids,Featured brands,Flying Machine,https://www.flipkart.com/kids-clothing/pr?count=40&otracker=categorytree&otracker=nmenu_sub_Baby+and+Kids_0_Kids+Clothing&p%5B%5D=facets.brand%255B%255D%3DFlying%2BMachine&sid=2oq%2Fmpf&otracker=nmenu_sub_Baby%20%26%20Kids_0_Flying%20Machine
Baby & Kids,Featured brands,Crocs,"https://www.flipkart.com/footwear/kids-infant-footwear/crocs~brand/pr?sid=osp,mba&otracker=nmenu_sub_Baby%20%26%20Kids_0_Crocs"
Baby & Kids,Featured brands,Puma,"https://www.flipkart.com/footwear/kids-infant-footwear/puma~brand/pr?sid=osp,mba&otracker=nmenu_sub_Baby%20%26%20Kids_0_Puma"
Baby & Kids,Featured brands,Funskool,https://www.flipkart.com/toys/funskool~brand/pr?sid=mgl&otracker=nmenu_sub_Baby%20%26%20Kids_0_Funskool
Baby & Kids,Featured brands,Lego,https://www.flipkart.com/lego-store?otracker=nmenu_sub_Baby%20%26%20Kids_0_Lego
Baby & Kids,Featured brands,Luvlap,https://www.flipkart.com/baby-care/luvlap~brand/pr?sid=kyh&otracker=nmenu_sub_Baby%20%26%20Kids_0_Luvlap
Baby & Kids,Featured brands,Mamy Poko,https://www.flipkart.com/baby-care/~diapers-store/pr?sid=kyh%2Cfdp%2Cyvf&otracker=nmenu_sub_Baby+%26+Kids_0_Diapers&otracker=nmenu_sub_Baby+%26+Kids_0_Diapers&p%5B%5D=facets.fulfilled_by%255B%255D%3DFlipkart%2BAssured&p%5B%5D=facets.brand%255B%255D%3DMamyPoko&otracker=nmenu_sub_Baby%20%26%20Kids_0_Mamy%20Poko
Baby & Kids,Featured brands,Mee Mee,https://www.flipkart.com/baby-care/pr?sid=kyh&otracker=categorytree&p%5B%5D=facets.brand%255B%255D%3DMe%2BMee&p%5B%5D=facets.brand%255B%255D%3DMEE%2B%2527N%2527%2BMyy&p%5B%5D=facets.brand%255B%255D%3DMeeMee&otracker=nmenu_sub_Baby%20%26%20Kids_0_Mee%20Mee
Home & Furniture,"Kitchen, Cookware & Serveware",Pans,https://www.flipkart.com/kitchen-cookware-serveware/cookware/pans/pr?sid=upp%2Ctnx%2C9fq&otracker=nmenu_sub_Home%20%26%20Furniture_0_Pans
Home & Furniture,"Kitchen, Cookware & Serveware",Tawas,https://www.flipkart.com/kitchen-cookware-serveware/cookware/tawas/pr?sid=upp%2Ctnx%2Cj12&otracker=nmenu_sub_Home%20%26%20Furniture_0_Tawas
Home & Furniture,"Kitchen, Cookware & Serveware",Pressure Cookers,https://www.flipkart.com/kitchen-cookware-serveware/cookware/pressure-cookers/pr?sid=upp%2Ctnx%2Cgsl&otracker=nmenu_sub_Home%20%26%20Furniture_0_Pressure%20Cookers
Home & Furniture,"Kitchen, Cookware & Serveware",Kitchen tools,https://www.flipkart.com/kitchen-cookware-serveware/kitchen-tools/pr?sid=upp%2Cldf&otracker=nmenu_sub_Home%20%26%20Furniture_0_Kitchen%20tools
Home & Furniture,"Kitchen, Cookware & Serveware",Gas Stoves,https://www.flipkart.com/kitchen-cookware-serveware/gas-stove-accessories/gas-stoves/pr?sid=upp%2Cd7m%2Cuhm&otracker=nmenu_sub_Home%20%26%20Furniture_0_Gas%20Stoves
Home & Furniture,Tableware & Dinnerware,Coffee Mugs,https://www.flipkart.com/kitchen-cookware-serveware/tableware-dinnerware/mugs/pr?sid=upp%2Ci7t%2Cmsi&otracker=nmenu_sub_Home%20%26%20Furniture_0_Coffee%20Mugs
Home & Furniture,Tableware & Dinnerware,Dinner Set,https://www.flipkart.com/kitchen-cookware-serveware/tableware-dinnerware/dinner-sets/pr?sid=upp%2Ci7t%2Clha&otracker=nmenu_sub_Home%20%26%20Furniture_0_Dinner%20Set
Home & Furniture,Tableware & Dinnerware,Barware,https://www.flipkart.com/kitchen-cookware-serveware/barware/pr?sid=upp%2Cta2&otracker=nmenu_sub_Home%20%26%20Furniture_0_Barware
Home & Furniture,Kitchen Storage,Water Bottles,https://www.flipkart.com/kitchen-cookware-serveware/lunch-boxes-bottles-and-flasks/water-bottles/pr?sid=upp%2Cf2k%2C0zz&otracker=nmenu_sub_Home%20%26%20Furniture_0_Water%20Bottles
Home & Furniture,Kitchen Storage,Lunch Boxes,https://www.flipkart.com/kitchen-cookware-serveware/lunch-boxes-bottles-and-flasks/lunch-boxes/pr?sid=upp%2Cf2k%2Cu70&otracker=nmenu_sub_Home%20%26%20Furniture_0_Lunch%20Boxes
Home & Furniture,Kitchen Storage,Flasks,https://www.flipkart.com/kitchen-cookware-serveware/lunch-boxes-bottles-and-flasks/flasks/pr?sid=upp%2Cf2k%2C7k9&otracker=nmenu_sub_Home%20%26%20Furniture_0_Flasks
Home & Furniture,Kitchen Storage,Casseroles,https://www.flipkart.com/kitchen-cookware-serveware/tableware-dinnerware/casseroles/pr?sid=upp%2Ci7t%2Cgka&otracker=nmenu_sub_Home%20%26%20Furniture_0_Casseroles
Home & Furniture,Kitchen Storage,Kitchen Containers,https://www.flipkart.com/kitchen-cookware-serveware/kitchen-storage-containers/kitchen-containers/pr?sid=upp%2C5ix%2C01e&otracker=nmenu_sub_Home%20%26%20Furniture_0_Kitchen%20Containers
Home & Furniture,Bed Room Furniture,Beds,"https://www.flipkart.com/beds/pr?sid=wwe,7p7&otracker=nmenu_sub_Home%20%26%20Furniture_0_Beds"
Home & Furniture,Bed Room Furniture,Mattresses,"https://www.flipkart.com/furniture/mattresses/pr?sid=wwe,rg9&otracker=nmenu_sub_Home%20%26%20Furniture_0_Mattresses"
Home & Furniture,Bed Room Furniture,Wardrobes,"https://www.flipkart.com/furniture/wardrobes/pr?sid=wwe,fc3&otracker=nmenu_sub_Home%20%26%20Furniture_0_Wardrobes"
Home & Furniture,Living Room Furniture,Sofa,"https://www.flipkart.com/furniture/sofas/pr?sid=wwe,c3z&otracker=nmenu_sub_Home%20%26%20Furniture_0_Sofa"
Home & Furniture,Living Room Furniture,Sofa Beds,"https://www.flipkart.com/furniture/sofa-beds/pr?sid=wwe,osg&otracker=nmenu_sub_Home%20%26%20Furniture_0_Sofa%20Beds"
Home & Furniture,Living Room Furniture,TV Units,"https://www.flipkart.com/furniture/tv-units-cabinets/pr?sid=wwe,243&otracker=nmenu_sub_Home%20%26%20Furniture_0_TV%20Units"
Home & Furniture,Living Room Furniture,Dining Tables & Chairs,"https://www.flipkart.com/furniture/dining-tables-sets/pr?sid=wwe,ur9&otracker=nmenu_sub_Home%20%26%20Furniture_0_Dining%20Tables%20%26%20Chairs"
Home & Furniture,Living Room Furniture,Coffee Tables,"https://www.flipkart.com/furniture/tables/coffee-tables/pr?sid=wwe,ki7,ot1&otracker=nmenu_sub_Home%20%26%20Furniture_0_Coffee%20Tables"
Home & Furniture,Living Room Furniture,Shoe Racks,"https://www.flipkart.com/furniture/shoe-rack/pr?sid=wwe,0ye&otracker=nmenu_sub_Home%20%26%20Furniture_0_Shoe%20Racks"
Home & Furniture,Office & Study Furniture,Kids Room Furniture,https://www.flipkart.com/furniture/~kids-furniture/pr?sid=wwe&otracker=nmenu_sub_Home%20%26%20Furniture_0_Kids%20Room%20Furniture
Home & Furniture,DIY Furniture,Bean Bags,"https://www.flipkart.com/furniture/bean-bags/pr?sid=wwe,4n6&otracker=nmenu_sub_Home%20%26%20Furniture_0_Bean%20Bags"
Home & Furniture,DIY Furniture,Collapsible Wardrobes,"https://www.flipkart.com/furniture/wardrobes/collapsible-wardrobes/pr?sid=wwe,fc3,xlp&otracker=nmenu_sub_Home%20%26%20Furniture_0_Collapsible%20Wardrobes"
Home & Furniture,Furnishing,Bedsheets,"https://www.flipkart.com/home-furnishing/bed-linen-blankets/bedsheets/pr?sid=jra,knw,qcw&marketplace=FLIPKART&otracker=nmenu_sub_Home%20%26%20Furniture_0_Bedsheets"
Home & Furniture,Furnishing,Curtains,"https://www.flipkart.com/home-furnishing/curtains-accessories/curtains/pr?sid=jra,sl5,2va&marketplace=FLIPKART&otracker=nmenu_sub_Home%20%26%20Furniture_0_Curtains"
Home & Furniture,Furnishing,Cushions & Pillows,"https://www.flipkart.com/home-furnishing/cushions-pillows/pr?sid=jra,kzv&marketplace=FLIPKART&otracker=nmenu_sub_Home%20%26%20Furniture_0_Cushions%20%26%20Pillows"
Home & Furniture,Furnishing,Blankets,"https://www.flipkart.com/home-furnishing/bed-linen-blankets/blankets/pr?sid=jra,knw,llw&marketplace=FLIPKART&otracker=nmenu_sub_Home%20%26%20Furniture_0_Blankets"
Home & Furniture,Furnishing,Bath Towels,"https://www.flipkart.com/home-furnishing/bath-linen/bath-towels/pr?sid=jra,jk3,wtg&marketplace=FLIPKART&otracker=nmenu_sub_Home%20%26%20Furniture_0_Bath%20Towels"
Home & Furniture,Furnishing,Kitchen & Table Linen,"https://www.flipkart.com/home-furnishing/kitchen-table-linen/pr?sid=jra,iwp&marketplace=FLIPKART&otracker=nmenu_sub_Home%20%26%20Furniture_0_Kitchen%20%26%20Table%20Linen"
Home & Furniture,Furnishing,Floor Coverings,"https://www.flipkart.com/home-furnishing/floor-coverings/pr?sid=jra,kwq&marketplace=FLIPKART&otracker=nmenu_sub_Home%20%26%20Furniture_0_Floor%20Coverings"
Home & Furniture,Smart Home Automation,Smart Security System,https://www.flipkart.com/automation-robotics/surveillance-devices/security-cameras/pr?otracker=categorytree&p%5B%5D=facets.brand%255B%255D%3DCELESTECH&p%5B%5D=facets.brand%255B%255D%3DCP%2BPlus&p%5B%5D=facets.brand%255B%255D%3DCP-PLUS&p%5B%5D=facets.brand%255B%255D%3DCP-Plus&p%5B%5D=facets.brand%255B%255D%3DCp%2BPlus&p%5B%5D=facets.brand%255B%255D%3DCpplus&p%5B%5D=facets.brand%255B%255D%3DCrocon&p%5B%5D=facets.brand%255B%255D%3DFocus&p%5B%5D=facets.brand%255B%255D%3DGodrej&p%5B%5D=facets.brand%255B%255D%3DHIK%2BVISION&p%5B%5D=facets.brand%255B%255D%3DHIKVISION&p%5B%5D=facets.brand%255B%255D%3DHik%2BVision&p%5B%5D=facets.brand%255B%255D%3DHik%2Bvision&p%5B%5D=facets.brand%255B%255D%3DHikvision&p%5B%5D=facets.brand%255B%255D%3DHoneywell&p%5B%5D=facets.brand%255B%255D%3DSAMSUNG&p%5B%5D=facets.brand%255B%255D%3Dcp%2Bplus&p%5B%5D=facets.brand%255B%255D%3Dhoneywell&sid=igc%2Fj69%2Fagd&otracker=nmenu_sub_Home%20%26%20Furniture_0_Smart%20Security%20System
Home & Furniture,Smart Home Automation,Smart Door Locks,"https://www.flipkart.com/automation-robotics/smart-door-locks/pr?sid=igc,u0f&p%5B%5D=facets.filter_standard%255B%255D%3D1&facets.availability[]=Exclude+Out+of+Stock&otracker=nmenu_sub_Home%20%26%20Furniture_0_Smart%20Door%20Locks"
Home & Furniture,Home Improvement,Tools & Measuring Equipments,https://www.flipkart.com/tools-and-measuring-equipment/pr?sid=h1m%2Chww&otracker=nmenu_sub_Home%20%26%20Furniture_0_Tools%20%26%20Measuring%20Equipments
Home & Furniture,Home Improvement,Home Utilities & Organizers,"https://www.flipkart.com/home-improvement/home-utilities-and-organizers/pr?sid=h1m,iee&marketplace=FLIPKART&otracker=nmenu_sub_Home%20%26%20Furniture_0_Home%20Utilities%20%26%20Organizers"
Home & Furniture,Home Improvement,Lawn & Gardening,https://www.flipkart.com/gardening-store?otracker=nmenu_sub_Home%20%26%20Furniture_0_Lawn%20%26%20Gardening
Home & Furniture,Home Improvement,Bathroom & Kitchen Fittings,https://www.flipkart.com/building-materials-and-supplies/bathroom-and-kitchen-fittings/pr?sid=b8s%2Cecr&otracker=nmenu_sub_Home%20%26%20Furniture_0_Bathroom%20%26%20Kitchen%20Fittings
Home & Furniture,Home Decor,Paintings,"https://www.flipkart.com/home-decor/paintings-posters/paintings/pr?sid=arb,bga,mmf&otracker=nmenu_sub_Home%20%26%20Furniture_0_Paintings"
Home & Furniture,Home Decor,Clocks,"https://www.flipkart.com/home-decor/clocks/pr?sid=arb,kjw&p[]=facets.serviceability%5B%5D%3Dtrue&otracker=categorytree&otracker=nmenu_sub_Home%20%26%20Furniture_0_Clocks"
Home & Furniture,Home Decor,Wall Shelves,"https://www.flipkart.com/home-decor/wall-decor-items/wall-shelves/pr?sid=arb,a77,vk7&marketplace=FLIPKART&otracker=nmenu_sub_Home%20%26%20Furniture_0_Wall%20Shelves"
Home & Furniture,Home Decor,Stickers,"https://www.flipkart.com/home-decor/stickers-wallpapers/stickers/pr?sid=arb,yod,si0&p[]=facets.serviceability%5B%5D%3Dtrue&otracker=categorytree&otracker=nmenu_sub_Home%20%26%20Furniture_0_Stickers"
Home & Furniture,Home Decor,Showpieces & Figurines,"https://www.flipkart.com/home-decor/showpieces-decor-accents/showpieces-figurines/pr?sid=arb,uj2,z1t&marketplace=FLIPKART&otracker=nmenu_sub_Home%20%26%20Furniture_0_Showpieces%20%26%20Figurines"
Home & Furniture,Home Lighting,Bulbs,"https://www.flipkart.com/home-lighting/utility-lightling/bulbs/pr?sid=jhg,yqn,feb&marketplace=FLIPKART&otracker=nmenu_sub_Home%20%26%20Furniture_0_Bulbs"
Home & Furniture,Home Lighting,Wall Lamp,"https://www.flipkart.com/home-lighting/decor-lighting-accessories/wall-lamps/pr?sid=jhg,6w8,mbd&otracker=nmenu_sub_Home%20%26%20Furniture_0_Wall%20Lamp"
Home & Furniture,Home Lighting,Table Lamp,"https://www.flipkart.com/home-lighting/decor-lighting-accessories/table-lamps/pr?sid=jhg,6w8,gde&otracker=nmenu_sub_Home%20%26%20Furniture_0_Table%20Lamp"
Home & Furniture,Home Lighting,Ceiling Lamp,"https://www.flipkart.com/home-lighting/decor-lighting-accessories/ceiling-lamps/pr?sid=jhg,6w8,rws&otracker=nmenu_sub_Home%20%26%20Furniture_0_Ceiling%20Lamp"
Home & Furniture,Home Lighting,Emergency Lights,"https://www.flipkart.com/home-lighting/utility-lightling/emergency-lights/pr?sid=jhg,yqn,m6m&marketplace=FLIPKART&otracker=nmenu_sub_Home%20%26%20Furniture_0_Emergency%20Lights"
Home & Furniture,Pet Supplies,Dogs,"https://www.flipkart.com/pet-supplies/dogs/pr?sid=p3t,ea3&marketplace=FLIPKART&otracker=nmenu_sub_Home%20%26%20Furniture_0_Dogs"
Home & Furniture,Pet Supplies,Cats,"https://www.flipkart.com/pet-supplies/cats/pr?sid=p3t,0mo&marketplace=FLIPKART&otracker=nmenu_sub_Home%20%26%20Furniture_0_Cats"
Home & Furniture,Pet Supplies,Fish & Aquatics,"https://www.flipkart.com/pet-supplies/fish-aquatic/pr?sid=p3t,ljf&marketplace=FLIPKART&otracker=nmenu_sub_Home%20%26%20Furniture_0_Fish%20%26%20Aquatics"
Home & Furniture,Christmas Store,Mugs Store,https://www.flipkart.com/coffee-mugs-store?otracker=nmenu_sub_Home%20%26%20Furniture_0_Mugs%20Store
Home & Furniture,Gardening Store,Stainless Steel Store,https://www.flipkart.com/stainless-steel-store?otracker=nmenu_sub_Home%20%26%20Furniture_0_Stainless%20Steel%20Store
Home & Furniture,Gardening Store,Milton,https://www.flipkart.com/search?p[]=facets.brand%255B%255D%3DMilton&sid=r4l&otracker=CLP_filters&otracker=nmenu_sub_Home%20%26%20Furniture_0_Milton
Home & Furniture,Gardening Store,Bombay Dyeing,https://www.flipkart.com/home-furnishing/bombay-dyeing~brand/pr?sid=vdm&otracker=nmenu_sub_Home%20%26%20Furniture_0_Bombay%20Dyeing
Home & Furniture,Gardening Store,@home,https://www.flipkart.com/search?p[]=facets.brand%255B%255D%3D%2540home%2Bby%2BNilkamal&sid=anx&otracker=CLP_filters&otracker=nmenu_sub_Home%20%26%20Furniture_0_%40home
Home & Furniture,Gardening Store,HomeTown,https://www.flipkart.com/furniture/hometown~brand/pr?sid=anx&otracker=nmenu_sub_Home%20%26%20Furniture_0_HomeTown
Home & Furniture,Gardening Store,Ajanta,https://www.flipkart.com/home-decor/ajanta~brand/pr?sid=1m7&otracker=nmenu_sub_Home%20%26%20Furniture_0_Ajanta
Home & Furniture,Gardening Store,Spaces by Welspun,https://www.flipkart.com/home-furnishing/spaces-by-welspun~brand/pr?sid=vdm&otracker=nmenu_sub_Home%20%26%20Furniture_0_Spaces%20by%20Welspun
Home & Furniture,Gardening Store,Prestige,https://www.flipkart.com/household/prestige~brand/pr?sid=r4l&otracker=nmenu_sub_Home%20%26%20Furniture_0_Prestige
"Sports, Books & More",Sports,Cricket,"https://www.flipkart.com/sports/cricket/pr?sid=abc,5lf&p[]=facets.serviceability%5B%5D%3Dtrue&otracker=categorytree&otracker=nmenu_sub_Sports%2C%20Books%20%26%20More_0_Cricket"
"Sports, Books & More",Sports,Badminton,"https://www.flipkart.com/sports/badminton/pr?sid=abc,egs&p[]=facets.serviceability%5B%5D%3Dtrue&otracker=categorytree&otracker=nmenu_sub_Sports%2C%20Books%20%26%20More_0_Badminton"
"Sports, Books & More",Sports,Cycling,"https://www.flipkart.com/sports/cycling/pr?sid=abc,ulv&p[]=facets.serviceability%5B%5D%3Dtrue&otracker=categorytree&otracker=nmenu_sub_Sports%2C%20Books%20%26%20More_0_Cycling"
"Sports, Books & More",Sports,Football,"https://www.flipkart.com/sports/football/pr?sid=abc,gxg&p[]=facets.serviceability%5B%5D%3Dtrue&otracker=categorytree&otracker=nmenu_sub_Sports%2C%20Books%20%26%20More_0_Football"
"Sports, Books & More",Sports,Skating,"https://www.flipkart.com/sports/skating/pr?sid=abc,mgq&p[]=facets.serviceability%5B%5D%3Dtrue&otracker=categorytree&otracker=nmenu_sub_Sports%2C%20Books%20%26%20More_0_Skating"
"Sports, Books & More",Sports,Camping & Hiking,"https://www.flipkart.com/sports/camping-hiking/pr?sid=abc,fvf&p[]=facets.serviceability%5B%5D%3Dtrue&otracker=categorytree&otracker=nmenu_sub_Sports%2C%20Books%20%26%20More_0_Camping%20%26%20Hiking"
"Sports, Books & More",Sports,Swimming,"https://www.flipkart.com/sports/swimming/pr?sid=abc,byq&p[]=facets.serviceability%5B%5D%3Dtrue&otracker=categorytree&otracker=nmenu_sub_Sports%2C%20Books%20%26%20More_0_Swimming"
"Sports, Books & More",Exercise Fitness,Cardio Equipment,https://www.flipkart.com/offers-list/strength-cardio-equipment?screen=dynamic&pk=themeViews%3DSF-March-FR4%3AApp%2CSF-March-FR4%3ADesk~widgetType%3DdealCard~contentType%3Dneo&wid=2.dealCard.OMU&otracker=nmenu_sub_Sports%2C%20Books%20%26%20More_0_Cardio%20Equipment
"Sports, Books & More",Exercise Fitness,Home Gyms,"https://www.flipkart.com/exercise-fitness/fitness-equipments/fitness-kits/pr?sid=qoc,amf,vh3&p[]=facets.serviceability%5B%5D%3Dtrue&otracker=categorytree&otracker=nmenu_sub_Sports%2C%20Books%20%26%20More_0_Home%20Gyms"
"Sports, Books & More",Exercise Fitness,Support,"https://www.flipkart.com/exercise-fitness/fitness-accessories/supports/pr?sid=qoc,acb,aa3&p[]=facets.serviceability%5B%5D%3Dtrue&otracker=categorytree&otracker=nmenu_sub_Sports%2C%20Books%20%26%20More_0_Support"
"Sports, Books & More",Exercise Fitness,Dumbbells,"https://www.flipkart.com/exercise-fitness/fitness-accessories/dumbbells/pr?sid=qoc,acb,zuc&p[]=facets.serviceability%5B%5D%3Dtrue&otracker=categorytree&otracker=nmenu_sub_Sports%2C%20Books%20%26%20More_0_Dumbbells"
"Sports, Books & More",Exercise Fitness,Ab Exercisers,"https://www.flipkart.com/exercise-fitness/fitness-equipments/ab-exercisers/pr?sid=qoc,amf,sma&p[]=facets.serviceability%5B%5D%3Dtrue&otracker=categorytree&otracker=nmenu_sub_Sports%2C%20Books%20%26%20More_0_Ab%20Exercisers"
"Sports, Books & More",Exercise Fitness,Shakers & Sippers,"https://www.flipkart.com/exercise-fitness/fitness-accessories/shakers-and-sippers/pr?sid=qoc,acb,qat&p[]=facets.serviceability%5B%5D%3Dtrue&otracker=categorytree&otracker=nmenu_sub_Sports%2C%20Books%20%26%20More_0_Shakers%20%26%20Sippers"
"Sports, Books & More",Exercise Fitness,Yoga Mat,"https://www.flipkart.com/exercise-fitness/yoga/yoga-mats/pr?sid=qoc,s1h,fco&p[]=facets.serviceability%5B%5D%3Dtrue&otracker=categorytree&otracker=nmenu_sub_Sports%2C%20Books%20%26%20More_0_Yoga%20Mat"
"Sports, Books & More",Exercise Fitness,Gym Gloves,"https://www.flipkart.com/exercise-fitness/fitness-accessories/gym-gloves/pr?sid=qoc,acb,afr&p[]=facets.serviceability%5B%5D%3Dtrue&otracker=categorytree&otracker=nmenu_sub_Sports%2C%20Books%20%26%20More_0_Gym%20Gloves"
"Sports, Books & More",Food Essentials,Nuts & Dry Fruits,"https://www.flipkart.com/food-nutrition/nuts-dry-fruits-combos/~gourmet-foods-/pr?sid=7jv,30b&p[]=facets.serviceability%5B%5D%3Dtrue&otracker=categorytree&otracker=nmenu_sub_Sports%2C%20Books%20%26%20More_0_Nuts%20%26%20Dry%20Fruits"
"Sports, Books & More",Food Essentials,"Tea, Coffee and Beverages","https://www.flipkart.com/food-nutrition/beverages/~gourmet-foods-/pr?sid=7jv,ldw&p[]=facets.serviceability%5B%5D%3Dtrue&otracker=categorytree&otracker=nmenu_sub_Sports%2C%20Books%20%26%20More_0_Tea%2C%20Coffee%20and%20Beverages"
"Sports, Books & More",Food Essentials,Chocolates,"https://www.flipkart.com/food-nutrition/confectioneries-sweets/chocolates/~gourmet-foods-/pr?sid=7jv,iyp,s4n&p[]=facets.serviceability%5B%5D%3Dtrue&otracker=categorytree&otracker=nmenu_sub_Sports%2C%20Books%20%26%20More_0_Chocolates"
"Sports, Books & More",Food Essentials,Snacks Corner,"https://www.flipkart.com/food-nutrition/snacks-nibbles/~gourmet-foods-/pr?sid=7jv,x9l&p[]=facets.serviceability%5B%5D%3Dtrue&otracker=categorytree&otracker=nmenu_sub_Sports%2C%20Books%20%26%20More_0_Snacks%20Corner"
"Sports, Books & More",Food Essentials,Gifting Combos,"https://www.flipkart.com/food-nutrition/food-nutrition-combo/~gourmet-foods-/pr?sid=7jv,jid&p[]=facets.serviceability%5B%5D%3Dtrue&otracker=categorytree&otracker=nmenu_sub_Sports%2C%20Books%20%26%20More_0_Gifting%20Combos"
"Sports, Books & More",Food Essentials,Sweets Store,"https://www.flipkart.com/food-nutrition/confectioneries-sweets/sweets-mithai/~gourmet-foods-/pr?sid=7jv,iyp,2e1&p[]=facets.serviceability%5B%5D%3Dtrue&otracker=categorytree&otracker=nmenu_sub_Sports%2C%20Books%20%26%20More_0_Sweets%20Store"
"Sports, Books & More",Food Essentials,"Jams, Spreads and Honey","https://www.flipkart.com/food-nutrition/jams-spreads-honey/~gourmet-foods-/pr?sid=7jv,kzq&p[]=facets.serviceability%5B%5D%3Dtrue&otracker=categorytree&otracker=nmenu_sub_Sports%2C%20Books%20%26%20More_0_Jams%2C%20Spreads%20and%20Honey"
"Sports, Books & More",Food Essentials,Breakfast Items,"https://www.flipkart.com/food-nutrition/breakfast-mixes-cereals/~gourmet-foods-/pr?sid=7jv,vx6&p[]=facets.serviceability%5B%5D%3Dtrue&otracker=categorytree&otracker=nmenu_sub_Sports%2C%20Books%20%26%20More_0_Breakfast%20Items"
"Sports, Books & More",Health & Nutrition,All Supplements,https://www.flipkart.com/health-and-supplements-clp-store?otracker=nmenu_sub_Sports%2C%20Books%20%26%20More_0_All%20Supplements
"Sports, Books & More",Health & Nutrition,Protein Supplements,"https://www.flipkart.com/food-nutrition/health-nutrition/protein-supplements/pr?sid=7jv,owt,d9u&otracker=categorytree&otracker=nmenu_sub_Sports%2C%20Books%20%26%20More_0_Protein%20Supplements&otracker=nmenu_sub_Sports%2C%20Books%20%26%20More_0_Protein%20Supplements"
"Sports, Books & More",Health & Nutrition,Vitamin Supplements,"https://www.flipkart.com/food-nutrition/health-nutrition/vitamin-supplements/pr?sid=7jv,owt,n2j&otracker=categorytree&otracker=nmenu_sub_Sports%2C%20Books%20%26%20More_0_Vitamin%20Supplements&otracker=nmenu_sub_Sports%2C%20Books%20%26%20More_0_Vitamin%20Supplements"
"Sports, Books & More",Health & Nutrition,Health Drinks,"https://www.flipkart.com/food-nutrition/health-nutrition/health-and-energy-drinks/pr?sid=7jv,owt,a39&otracker=categorytree&otracker=nmenu_sub_Sports%2C%20Books%20%26%20More_0_Health%20%26%20Energy%20Drinks&otracker=nmenu_sub_Sports%2C%20Books%20%26%20More_0_Health%20Drinks"
"Sports, Books & More",Health & Nutrition,Ayurvedic Supplements,https://www.flipkart.com/food-nutrition/health-nutrition/vitamin-supplements/pr?sid=7jv%2Cowt%2Cn2j&otracker=categorytree&otracker=nmenu_sub_Sports%2C+Books+%26+More_0_Vitamin+Supplements&p%5B%5D=facets.serviceability%5B%5D%3Dtrue&p%5B%5D=facets.type%255B%255D%3DAyurvedic%2BSupplements&otracker=nmenu_sub_Sports%2C%20Books%20%26%20More_0_Ayurvedic%20Supplements
"Sports, Books & More",Books,Entrance Exams,https://www.flipkart.com/the-exam-store?otracker=nmenu_sub_Sports%2C%20Books%20%26%20More_0_Entrance%20Exams
"Sports, Books & More",Books,Academics,https://www.flipkart.com/the-education-store?otracker=nmenu_sub_Sports%2C%20Books%20%26%20More_0_Academics
"Sports, Books & More",Books,Literature & Fiction,https://www.flipkart.com/theliterature-fiction-store?otracker=nmenu_sub_Sports%2C%20Books%20%26%20More_0_Literature%20%26%20Fiction
"Sports, Books & More",Books,Non Fiction,https://www.flipkart.com/the-non-fiction-store?otracker=nmenu_sub_Sports%2C%20Books%20%26%20More_0_Non%20Fiction
"Sports, Books & More",Books,Young Readers,https://www.flipkart.com/the-childrenandteens-store?otracker=nmenu_sub_Sports%2C%20Books%20%26%20More_0_Young%20Readers
"Sports, Books & More",Books,Self-Help,"https://www.flipkart.com/books/selfhelp-books/pr?sid=bks,5uw&marketplace=FLIPKART&otracker=nmenu_sub_Sports%2C%20Books%20%26%20More_0_Self-Help"
"Sports, Books & More",Books,E-Learning,https://www.flipkart.com/elearning/pr?sid=xfw&marketplace=FLIPKART&otracker=nmenu_sub_Sports%2C%20Books%20%26%20More_0_E-Learning
"Sports, Books & More",Books,Preorders,https://www.flipkart.com/books/~pre-order/pr?sid=bks&otracker=nmenu_sub_Sports%2C%20Books%20%26%20More_0_Preorders
"Sports, Books & More",Books,Indian Languages,https://www.flipkart.com/language-store?otracker=nmenu_sub_Sports%2C%20Books%20%26%20More_0_Indian%20Languages
"Sports, Books & More",Stationery,Pens,https://www.flipkart.com/pens-category-store?otracker=nmenu_sub_Sports%2C%20Books%20%26%20More_0_Pens&otracker=nmenu_sub_Sports%2C%20Books%20%26%20More_0_Pens
"Sports, Books & More",Stationery,Diaries,"https://www.flipkart.com/pens-stationery/office-supplies/diaries/pr?sid=dgv,tkw,mwh&otracker=product_breadCrumbs_Diaries&otracker=nmenu_sub_Sports%2C%20Books%20%26%20More_0_Diaries"
"Sports, Books & More",Stationery,Card Holders,"https://www.flipkart.com/pens-stationery/office-supplies/card-holders/pr?sid=dgv,tkw,chd&p[]=facets.serviceability%5B%5D%3Dtrue&otracker=categorytree&otracker=nmenu_sub_Sports%2C%20Books%20%26%20More_0_Card%20Holders"
"Sports, Books & More",Stationery,Desk Organizers,"https://www.flipkart.com/pens-stationery/office-supplies/desk-organizers/pr?sid=dgv,tkw,hlr&otracker=nmenu_sub_Sports%2C%20Books%20%26%20More_0_Desk%20Organizers"
"Sports, Books & More",Stationery,Calculators,https://www.flipkart.com/calculators-category-store?otracker=nmenu_sub_Sports%2C%20Books%20%26%20More_0_Calculators%20&otracker=nmenu_sub_Sports%2C%20Books%20%26%20More_0_Calculators
"Sports, Books & More",Stationery,Key Chains,"https://www.flipkart.com/pens-stationery/office-supplies/key-chains/pr?sid=dgv,tkw,amn&otracker=nmenu_sub_Sports%2C%20Books%20%26%20More_0_Key%20Chains&otracker=nmenu_sub_Sports%2C%20Books%20%26%20More_0_Key%20Chains"
"Sports, Books & More",Auto Accessories,Helmets & Riding Gears,https://www.flipkart.com/automotive/accessories-spare-parts/helmets-riding-gear/pr?p%5B%5D=facets.availability%255B%255D%3DExclude%2BOut%2Bof%2BStock&sid=0hx%2Cbwd%2Cbgt&otracker=nmenu_sub_Sports%2C%20Books%20%26%20More_0_Helmets%20%26%20Riding%20Gear&otracker=nmenu_sub_Sports%2C%20Books%20%26%20More_0_Helmets%20%26%20Riding%20Gears
"Sports, Books & More",Auto Accessories,Car Audio/Video,"https://www.flipkart.com/automotive/car-bike-accessories/car-electronics-accessories/car-audio-video/pr?sid=0hx,bwd,tko,jxo&otracker=categorytree&otracker=nmenu_sub_Sports%2C%20Books%20%26%20More_0_Car%20Audio%2FVideo"
"Sports, Books & More",Auto Accessories,Car Mobile Accessories,"https://www.flipkart.com/automotive/car-bike-accessories/car-electronics-accessories/car-mobile-accessories/pr?sid=0hx,bwd,tko,av1&otracker=categorytree&otracker=nmenu_sub_Sports%2C%20Books%20%26%20More_0_Car%20Mobile%20Accessories"
"Sports, Books & More",Auto Accessories,Car & Bike Care,"https://www.flipkart.com/automotive/car-bike-accessories/car-bike-care/pr?sid=0hx,bwd,byn&otracker=categorytree&otracker=nmenu_sub_Sports%2C%20Books%20%26%20More_0_Car%20%26%20Bike%20Care"
"Sports, Books & More",Auto Accessories,Vehicle Lubricants,"https://www.flipkart.com/automotive/car-bike-accessories/lubricants-oils/pr?sid=0hx,bwd,njf&otracker=categorytree&otracker=nmenu_sub_Sports%2C%20Books%20%26%20More_0_Vehicle%20Lubricants"
"Sports, Books & More",Industrial & Scientific tools,Industrial Measurement Devices,"https://www.flipkart.com/industrial-scientific-supplies/industrial-measurement-devices/pr?sid=gsx,oe8&p[]=facets.serviceability%5B%5D%3Dtrue&otracker=categorytree&otracker=nmenu_sub_Sports%2C%20Books%20%26%20More_0_Industrial%20Measurement%20Devices"
"Sports, Books & More",Industrial & Scientific tools,Industrial Testing Devices,"https://www.flipkart.com/industrial-scientific-supplies/industrial-testing-devices/pr?sid=gsx,gkc&p[]=facets.serviceability%5B%5D%3Dtrue&otracker=categorytree&otracker=nmenu_sub_Sports%2C%20Books%20%26%20More_0_Industrial%20Testing%20Devices"
"Sports, Books & More",Industrial & Scientific tools,Lab & Scientific Products,"https://www.flipkart.com/industrial-scientific-supplies/lab-scientific-products/pr?sid=gsx,l9d&p[]=facets.serviceability%5B%5D%3Dtrue&otracker=categorytree&otracker=nmenu_sub_Sports%2C%20Books%20%26%20More_0_Lab%20%26%20Scientific%20Products"
"Sports, Books & More",Industrial & Scientific tools,Packaging & Shipping Products,"https://www.flipkart.com/industrial-scientific-supplies/packaging-shipping-products/pr?sid=gsx,bad&p[]=facets.serviceability%5B%5D%3Dtrue&otracker=categorytree&otracker=nmenu_sub_Sports%2C%20Books%20%26%20More_0_Packaging%20%26%20Shipping%20Products"
"Sports, Books & More",Industrial & Scientific tools,Safety Products,"https://www.flipkart.com/industrial-scientific-supplies/safety-products/pr?sid=gsx,bfk&p[]=facets.serviceability%5B%5D%3Dtrue&otracker=categorytree&otracker=nmenu_sub_Sports%2C%20Books%20%26%20More_0_Safety%20Products"
"Sports, Books & More",Medical Supplies,Pregnancy and Fertility Kits,"https://www.flipkart.com/sexual-wellness/testing-kits/pr?sid=t06,7vg,1dj&p[]=facets.serviceability%5B%5D%3Dtrue&otracker=categorytree&otracker=nmenu_sub_Sports%2C%20Books%20%26%20More_0_Pregnancy%20and%20Fertility%20Kits"
"Sports, Books & More",Medical Supplies,Hot Water Bag,https://www.flipkart.com/beauty-and-personal-care/health-care/medicines-treatment/pr?sid=t06%2Cnyl%2Cggb&p%5B%5D=facets.serviceability%5B%5D%3Dtrue&otracker=categorytree&p%5B%5D=facets.brand%255B%255D%3DCasa&p%5B%5D=facets.brand%255B%255D%3DCASA&p%5B%5D=facets.brand%255B%255D%3DTULIP&p%5B%5D=facets.brand%255B%255D%3DTulip&p%5B%5D=facets.brand%255B%255D%3Dcreto&p%5B%5D=facets.brand%255B%255D%3DCRETO&p%5B%5D=facets.brand%255B%255D%3DAlex%2527s&p%5B%5D=facets.brand%255B%255D%3DRecombigen&p%5B%5D=facets.brand%255B%255D%3Dxtraplus&p%5B%5D=facets.brand%255B%255D%3DKetsaal&p%5B%5D=facets.brand%255B%255D%3DThermocare&p%5B%5D=facets.brand%255B%255D%3DRoyal&p%5B%5D=facets.brand%255B%255D%3DARYSHAA&p%5B%5D=facets.brand%255B%255D%3DAryshaa&p%5B%5D=facets.brand%255B%255D%3DTuelip&p%5B%5D=facets.brand%255B%255D%3DHealthIQ&p%5B%5D=facets.brand%255B%255D%3DGentle%2BE%2BKart&p%5B%5D=facets.brand%255B%255D%3DOneRetail&otracker=nmenu_sub_Sports%2C%20Books%20%26%20More_0_Hot%20Water%20Bag
"Sports, Books & More",Music,Musical Instruments,https://www.flipkart.com/musical-instruments-store?otracker=nmenu_sub_Sports%2C%20Books%20%26%20More_0_Musical%20Instruments
"Sports, Books & More",Music,Music,https://www.flipkart.com/music/pr?sid=p2c&marketplace=FLIPKART&otracker=nmenu_sub_Sports%2C%20Books%20%26%20More_0_Music
"Sports, Books & More",Music,Movies & Tv shows,https://www.flipkart.com/movies-store?otracker=nmenu_sub_Sports%2C%20Books%20%26%20More_0_Movies%20%26%20Tv%20shows
"Sports, Books & More",Gaming,Gaming Consoles,"https://www.flipkart.com/gaming/gaming-consoles/pr?sid=4rr,x1m&otracker=nmenu_sub_Sports%2C%20Books%20%26%20More_0_Gaming%20Consoles&otracker=nmenu_sub_Sports%2C%20Books%20%26%20More_0_Gaming%20Consoles"
"Sports, Books & More",Gaming,Gaming Accessories,"https://www.flipkart.com/gaming/gaming-accessories/pr?sid=4rr,km5&otracker=categorytree&otracker=nmenu_sub_Sports%2C%20Books%20%26%20More_0_Gaming%20Accessories&otracker=nmenu_sub_Sports%2C%20Books%20%26%20More_0_Gaming%20Accessories"
"Sports, Books & More",Gaming,PS4 Games,https://www.flipkart.com/games/ps4/pr?p%5B%5D=sort%3Dpopularity&sid=4rr%2Ctg9%2Cweu&pincode=560068&filterNone=true&otracker=nmenu_sub_Sports%2C%20Books%20%26%20More_0_PS4%20Games&otracker=nmenu_sub_Sports%2C%20Books%20%26%20More_0_PS4%20Games
"Sports, Books & More",Gaming,Smart Glasses (VR),"https://www.flipkart.com/wearable-smart-devices/smart-glasses/pr?sid=ajy,tcy&otracker=nmenu_sub_Sports%2C%20Books%20%26%20More_0_Smart%20Glasses(VR)&otracker=nmenu_sub_Sports%2C%20Books%20%26%20More_0_Smart%20Glasses%20(VR)"
